date,net,cash,holdings,cost_basis,starting_cash,margin,mtm,realized,pnls,liquid_value,commissions,charges,day_pnl,gross_leverage,net_leverage,gross_exposure,net_exposure,long_exposure,short_exposure,longs_count,shorts_count,algo_returns,algo_cum_returns,algo_volatility,drawdown,sharpe,strategy_vol,benchmark,benchmark_returns,alpha,beta
2022-01-03 00:00:00+05:30,9975.1900,1351.1900,8624.0000,8648.8100,10000.0000,0.0000,-24.8100,0.0000,-24.8100,9975.1900,0.0000,0.0000,-24.8100,0.8600,0.8600,8624.0000,8624.0000,8624.0000,0.0000,1,0,-0.0025,-0.0025,0.0397,-0.0025,,,10000.0000,0.0000,,
2022-01-04 00:00:00+05:30,10116.9400,1351.1900,8765.7500,8648.8100,10000.0000,0.0000,116.9400,0.0000,116.9400,10116.9400,0.0000,0.0000,141.7500,0.8700,0.8700,8765.7500,8765.7500,8765.7500,0.0000,1,0,0.0142,0.0117,0.1618,0.0000,,,10097.5314,0.0098,,
2022-01-05 00:00:00+05:30,10277.2400,1351.1900,8926.0500,8648.8100,10000.0000,0.0000,277.2400,0.0000,277.2400,10277.2400,0.0000,0.0000,160.3000,0.8700,0.8700,8926.0500,8926.0500,8926.0500,0.0000,1,0,0.0158,0.0277,0.1960,0.0000,,,10154.4341,0.0056,,
2022-01-06 00:00:00+05:30,10086.1400,1351.1900,8734.9500,8648.8100,10000.0000,0.0000,86.1400,0.0000,86.1400,10086.1400,0.0000,0.0000,-191.1000,0.8700,0.8700,8734.9500,8734.9500,8734.9500,0.0000,1,0,-0.0186,0.0086,0.2250,-0.0186,,,10062.7433,-0.0090,,
2022-01-07 00:00:00+05:30,10135.4900,1351.1900,8784.3000,8648.8100,10000.0000,0.0000,135.4900,0.0000,135.4900,10135.4900,0.0000,0.0000,49.3500,0.8700,0.8700,8784.3000,8784.3000,8784.3000,0.0000,1,0,0.0049,0.0135,0.2042,-0.0138,,,10103.6838,0.0041,,
2022-01-10 00:00:00+05:30,10409.5400,1351.1900,9058.3500,8648.8100,10000.0000,0.0000,409.5400,0.0000,409.5400,10409.5400,0.0000,0.0000,274.0500,0.8700,0.8700,9058.3500,9058.3500,9058.3500,0.0000,1,0,0.0270,0.0410,0.2557,0.0000,,,10209.8626,0.0105,,
2022-01-11 00:00:00+05:30,10311.1900,1351.1900,8960.0000,8648.8100,10000.0000,0.0000,311.1900,0.0000,311.1900,10311.1900,0.0000,0.0000,-98.3500,0.8700,0.8700,8960.0000,8960.0000,8960.0000,0.0000,1,0,-0.0094,0.0311,0.2434,-0.0094,,,10240.2277,0.0030,,
2022-01-12 00:00:00+05:30,10522.9400,1351.1900,9171.7500,8648.8100,10000.0000,0.0000,522.9400,0.0000,522.9400,10522.9400,0.0000,0.0000,211.7500,0.8700,0.8700,9171.7500,9171.7500,9171.7500,0.0000,1,0,0.0205,0.0523,0.2551,0.0000,,,10318.8199,0.0077,,
2022-01-13 00:00:00+05:30,10585.9400,1351.1900,9234.7500,8648.8100,10000.0000,0.0000,585.9400,0.0000,585.9400,10585.9400,0.0000,0.0000,63.0000,0.8700,0.8700,9234.7500,9234.7500,9234.7500,0.0000,1,0,0.0060,0.0586,0.2426,0.0000,,,10352.2754,0.0032,,
2022-01-14 00:00:00+05:30,10927.1900,1351.1900,9576.0000,8648.8100,10000.0000,0.0000,927.1900,0.0000,927.1900,10927.1900,0.0000,0.0000,341.2500,0.8800,0.8800,9576.0000,9576.0000,9576.0000,0.0000,1,0,0.0322,0.0927,0.2812,0.0000,,,10340.3108,-0.0012,,
2022-01-17 00:00:00+05:30,11123.1900,1351.1900,9772.0000,8648.8100,10000.0000,0.0000,1123.1900,0.0000,1123.1900,11123.1900,0.0000,0.0000,196.0000,0.8800,0.8800,9772.0000,9772.0000,9772.0000,0.0000,1,0,0.0179,0.1123,0.2815,0.0000,,,10382.3854,0.0041,,
2022-01-18 00:00:00+05:30,11088.1900,1351.1900,9737.0000,8648.8100,10000.0000,0.0000,1088.1900,0.0000,1088.1900,11088.1900,0.0000,0.0000,-35.0000,0.8800,0.8800,9737.0000,9737.0000,9737.0000,0.0000,1,0,-0.0031,0.1088,0.2699,-0.0031,,,10271.3017,-0.0107,,
2022-01-19 00:00:00+05:30,11369.2400,1351.1900,10018.0500,8648.8100,10000.0000,0.0000,1369.2400,0.0000,1369.2400,11369.2400,0.0000,0.0000,281.0500,0.8800,0.8800,10018.0500,10018.0500,10018.0500,0.0000,1,0,0.0253,0.1369,0.2822,0.0000,,,10173.5718,-0.0095,,
2022-01-20 00:00:00+05:30,11361.1900,1351.1900,10010.0000,8648.8100,10000.0000,0.0000,1361.1900,0.0000,1361.1900,11361.1900,0.0000,0.0000,-8.0500,0.8800,0.8800,10010.0000,10010.0000,10010.0000,0.0000,1,0,-0.0007,0.1361,0.2720,-0.0007,,,10083.6955,-0.0088,,
2022-01-21 00:00:00+05:30,11277.1900,1351.1900,9926.0000,8648.8100,10000.0000,0.0000,1277.1900,0.0000,1277.1900,11277.1900,0.0000,0.0000,-84.0000,0.8800,0.8800,9926.0000,9926.0000,9926.0000,0.0000,1,0,-0.0074,0.1277,0.2645,-0.0081,,,10008.5623,-0.0075,,
2022-01-24 00:00:00+05:30,10834.7900,1351.1900,9483.6000,8648.8100,10000.0000,0.0000,834.7900,0.0000,834.7900,10834.7900,0.0000,0.0000,-442.4000,0.8800,0.8800,9483.6000,9483.6000,9483.6000,0.0000,1,0,-0.0392,0.0835,0.2996,-0.0470,,,9703.4933,-0.0305,,
2022-01-25 00:00:00+05:30,11326.1900,1351.1900,9975.0000,8648.8100,10000.0000,0.0000,1326.1900,0.0000,1326.1900,11326.1900,0.0000,0.0000,491.4000,0.8800,0.8800,9975.0000,9975.0000,9975.0000,0.0000,1,0,0.0454,0.1326,0.3392,-0.0038,,,9791.2999,0.0090,,
2022-01-27 00:00:00+05:30,11320.5900,1351.1900,9969.4000,8648.8100,10000.0000,0.0000,1320.5900,0.0000,1320.5900,11320.5900,0.0000,0.0000,-5.6000,0.8800,0.8800,9969.4000,9969.4000,9969.4000,0.0000,1,0,-0.0005,0.1321,0.3296,-0.0043,,,9724.3888,-0.0068,,
2022-01-28 00:00:00+05:30,11299.2400,1351.1900,9948.0500,8648.8100,10000.0000,0.0000,1299.2400,0.0000,1299.2400,11299.2400,0.0000,0.0000,-21.3500,0.8800,0.8800,9948.0500,9948.0500,9948.0500,0.0000,1,0,-0.0019,0.1299,0.3209,-0.0062,,,9700.0343,-0.0025,,
2022-01-31 00:00:00+05:30,11466.1900,1351.1900,10115.0000,8648.8100,10000.0000,0.0000,1466.1900,0.0000,1466.1900,11466.1900,0.0000,0.0000,166.9500,0.8800,0.8800,10115.0000,10115.0000,10115.0000,0.0000,1,0,0.0148,0.1466,0.3172,0.0000,,,9831.5599,0.0136,,
2022-02-01 00:00:00+05:30,11396.1900,1351.1900,10045.0000,8648.8100,10000.0000,0.0000,1396.1900,0.0000,1396.1900,11396.1900,0.0000,0.0000,-70.0000,0.8800,0.8800,10045.0000,10045.0000,10045.0000,0.0000,1,0,-0.0061,0.1396,0.3103,-0.0061,,,9982.5918,0.0154,,
2022-02-02 00:00:00+05:30,11324.0900,1351.1900,9972.9000,8648.8100,10000.0000,0.0000,1324.0900,0.0000,1324.0900,11324.0900,0.0000,0.0000,-72.1000,0.8800,0.8800,9972.9000,9972.9000,9972.9000,0.0000,1,0,-0.0063,0.1324,0.3039,-0.0124,,,10088.6005,0.0106,,
2022-02-03 00:00:00+05:30,11242.1900,1351.1900,9891.0000,8648.8100,10000.0000,0.0000,1242.1900,0.0000,1242.1900,11242.1900,0.0000,0.0000,-81.9000,0.8800,0.8800,9891.0000,9891.0000,9891.0000,0.0000,1,0,-0.0072,0.1242,0.2982,-0.0195,,,9934.7334,-0.0153,,
2022-02-04 00:00:00+05:30,11144.1900,1351.1900,9793.0000,8648.8100,10000.0000,0.0000,1144.1900,0.0000,1144.1900,11144.1900,0.0000,0.0000,-98.0000,0.8800,0.8800,9793.0000,9793.0000,9793.0000,0.0000,1,0,-0.0087,0.1144,0.2933,-0.0281,,,9924.9519,-0.0010,,
2022-02-07 00:00:00+05:30,11039.1900,1351.1900,9688.0000,8648.8100,10000.0000,0.0000,1039.1900,0.0000,1039.1900,11039.1900,0.0000,0.0000,-105.0000,0.8800,0.8800,9688.0000,9688.0000,9688.0000,0.0000,1,0,-0.0094,0.1039,0.2889,-0.0372,,,9758.8083,-0.0167,,
2022-02-08 00:00:00+05:30,10969.1900,1351.1900,9618.0000,8648.8100,10000.0000,0.0000,969.1900,0.0000,969.1900,10969.1900,0.0000,0.0000,-70.0000,0.8800,0.8800,9618.0000,9618.0000,9618.0000,0.0000,1,0,-0.0063,0.0969,0.2840,-0.0433,,,9776.0181,0.0018,,
2022-02-09 00:00:00+05:30,11298.1900,1351.1900,9947.0000,8648.8100,10000.0000,0.0000,1298.1900,0.0000,1298.1900,11298.1900,0.0000,0.0000,329.0000,0.8800,0.8800,9947.0000,9947.0000,9947.0000,0.0000,1,0,0.0300,0.1298,0.2934,-0.0147,,,9907.1467,0.0134,,
2022-02-10 00:00:00+05:30,11127.0400,1351.1900,9775.8500,8648.8100,10000.0000,0.0000,1127.0400,0.0000,1127.0400,11127.0400,0.0000,0.0000,-171.1500,0.8800,0.8800,9775.8500,9775.8500,9775.8500,0.0000,1,0,-0.0151,0.1127,0.2917,-0.0296,,,9972.5551,0.0066,,
2022-02-11 00:00:00+05:30,10983.1900,1351.1900,9632.0000,8648.8100,10000.0000,0.0000,983.1900,0.0000,983.1900,10983.1900,0.0000,0.0000,-143.8500,0.8800,0.8800,9632.0000,9632.0000,9632.0000,0.0000,1,0,-0.0129,0.0983,0.2891,-0.0421,,,9835.6710,-0.0137,,
2022-02-14 00:00:00+05:30,10682.1900,1351.1900,9331.0000,8648.8100,10000.0000,0.0000,682.1900,0.0000,682.1900,10682.1900,0.0000,0.0000,-301.0000,0.8700,0.8700,9331.0000,9331.0000,9331.0000,0.0000,1,0,-0.0274,0.0682,0.2951,-0.0684,,,9537.4915,-0.0303,,
2022-02-15 00:00:00+05:30,10961.8400,1351.1900,9610.6500,8648.8100,10000.0000,0.0000,961.8400,0.0000,961.8400,10961.8400,0.0000,0.0000,279.6500,0.8800,0.8800,9610.6500,9610.6500,9610.6500,0.0000,1,0,0.0262,0.0962,0.2998,-0.0440,,,9839.2433,0.0316,,
2022-02-16 00:00:00+05:30,10896.3900,1351.1900,9545.2000,8648.8100,10000.0000,0.0000,896.3900,0.0000,896.3900,10896.3900,0.0000,0.0000,-65.4500,0.8800,0.8800,9545.2000,9545.2000,9545.2000,0.0000,1,0,-0.0060,0.0896,0.2956,-0.0497,,,9805.9012,-0.0034,,
2022-02-17 00:00:00+05:30,10902.3400,1351.1900,9551.1500,8648.8100,10000.0000,0.0000,902.3400,0.0000,902.3400,10902.3400,0.0000,0.0000,5.9500,0.8800,0.8800,9551.1500,9551.1500,9551.1500,0.0000,1,0,0.0005,0.0902,0.2911,-0.0492,,,9798.5864,-0.0007,,
2022-02-18 00:00:00+05:30,10759.1900,1351.1900,9408.0000,8648.8100,10000.0000,0.0000,759.1900,0.0000,759.1900,10759.1900,0.0000,0.0000,-143.1500,0.8700,0.8700,9408.0000,9408.0000,9408.0000,0.0000,1,0,-0.0131,0.0759,0.2890,-0.0617,,,9792.1221,-0.0007,,
2022-02-21 00:00:00+05:30,10416.1900,1351.1900,9065.0000,8648.8100,10000.0000,0.0000,416.1900,0.0000,416.1900,10416.1900,0.0000,0.0000,-343.0000,0.8700,0.8700,9065.0000,9065.0000,9065.0000,0.0000,1,0,-0.0319,0.0416,0.2974,-0.0916,,,9756.3984,-0.0036,,
2022-02-22 00:00:00+05:30,10315.3900,1351.1900,8964.2000,8648.8100,10000.0000,0.0000,315.3900,0.0000,315.3900,10315.3900,0.0000,0.0000,-100.8000,0.8700,0.8700,8964.2000,8964.2000,8964.2000,0.0000,1,0,-0.0097,0.0315,0.2944,-0.1004,,,9685.4330,-0.0073,,
2022-02-23 00:00:00+05:30,10507.1900,1351.1900,9156.0000,8648.8100,10000.0000,0.0000,507.1900,0.0000,507.1900,10507.1900,0.0000,0.0000,191.8000,0.8700,0.8700,9156.0000,9156.0000,9156.0000,0.0000,1,0,0.0186,0.0507,0.2944,-0.0836,,,9670.7465,-0.0015,,
2022-02-24 00:00:00+05:30,10311.1900,1351.1900,8960.0000,8648.8100,10000.0000,0.0000,311.1900,0.0000,311.1900,10311.1900,0.0000,0.0000,-196.0000,0.8700,0.8700,8960.0000,8960.0000,8960.0000,0.0000,1,0,-0.0187,0.0311,0.2945,-0.1007,,,9196.1600,-0.0491,,
2022-02-25 00:00:00+05:30,10542.1900,1351.1900,9191.0000,8648.8100,10000.0000,0.0000,542.1900,0.0000,542.1900,10542.1900,0.0000,0.0000,231.0000,0.8700,0.8700,9191.0000,9191.0000,9191.0000,0.0000,1,0,0.0224,0.0542,0.2962,-0.0806,,,9451.9247,0.0278,,
2022-02-28 00:00:00+05:30,11013.6400,1351.1900,9662.4500,8648.8100,10000.0000,0.0000,1013.6400,0.0000,1013.6400,11013.6400,0.0000,0.0000,471.4500,0.8800,0.8800,9662.4500,9662.4500,9662.4500,0.0000,1,0,0.0447,0.1014,0.3133,-0.0395,,,9520.3384,0.0072,,
2022-03-02 00:00:00+05:30,11123.1900,1351.1900,9772.0000,8648.8100,10000.0000,0.0000,1123.1900,0.0000,1123.1900,11123.1900,0.0000,0.0000,109.5500,0.8800,0.8800,9772.0000,9772.0000,9772.0000,0.0000,1,0,0.0099,0.1123,0.3104,-0.0299,,,9427.5702,-0.0097,,
2022-03-03 00:00:00+05:30,11025.1900,1351.1900,9674.0000,8648.8100,10000.0000,0.0000,1025.1900,0.0000,1025.1900,11025.1900,0.0000,0.0000,-98.0000,0.8800,0.8800,9674.0000,9674.0000,9674.0000,0.0000,1,0,-0.0088,0.1025,0.3074,-0.0385,,,9361.1695,-0.0070,,
2022-03-04 00:00:00+05:30,10990.1900,1351.1900,9639.0000,8648.8100,10000.0000,0.0000,990.1900,0.0000,990.1900,10990.1900,0.0000,0.0000,-35.0000,0.8800,0.8800,9639.0000,9639.0000,9639.0000,0.0000,1,0,-0.0032,0.0990,0.3039,-0.0415,,,9210.7897,-0.0161,,
2022-03-07 00:00:00+05:30,10661.1900,1351.1900,9310.0000,8648.8100,10000.0000,0.0000,661.1900,0.0000,661.1900,10661.1900,0.0000,0.0000,-329.0000,0.8700,0.8700,9310.0000,9310.0000,9310.0000,0.0000,1,0,-0.0299,0.0661,0.3088,-0.0702,,,9005.2366,-0.0223,,
2022-03-08 00:00:00+05:30,10614.6400,1351.1900,9263.4500,8648.8100,10000.0000,0.0000,614.6400,0.0000,614.6400,10614.6400,0.0000,0.0000,-46.5500,0.8700,0.8700,9263.4500,9263.4500,9263.4500,0.0000,1,0,-0.0044,0.0615,0.3055,-0.0743,,,9082.5529,0.0086,,
2022-03-09 00:00:00+05:30,10707.3900,1351.1900,9356.2000,8648.8100,10000.0000,0.0000,707.3900,0.0000,707.3900,10707.3900,0.0000,0.0000,92.7500,0.8700,0.8700,9356.2000,9356.2000,9356.2000,0.0000,1,0,0.0087,0.0707,0.3028,-0.0662,,,9280.7344,0.0218,,
2022-03-10 00:00:00+05:30,10940.4900,1351.1900,9589.3000,8648.8100,10000.0000,0.0000,940.4900,0.0000,940.4900,10940.4900,0.0000,0.0000,233.1000,0.8800,0.8800,9589.3000,9589.3000,9589.3000,0.0000,1,0,0.0218,0.0940,0.3038,-0.0458,,,9393.8028,0.0122,,
2022-03-11 00:00:00+05:30,11024.8400,1351.1900,9673.6500,8648.8100,10000.0000,0.0000,1024.8400,0.0000,1024.8400,11024.8400,0.0000,0.0000,84.3500,0.8800,0.8800,9673.6500,9673.6500,9673.6500,0.0000,1,0,0.0077,0.1025,0.3011,-0.0385,,,9424.5365,0.0033,,
2022-03-14 00:00:00+05:30,11014.6900,1351.1900,9663.5000,8648.8100,10000.0000,0.0000,1014.6900,0.0000,1014.6900,11014.6900,0.0000,0.0000,-10.1500,0.8800,0.8800,9663.5000,9663.5000,9663.5000,0.0000,1,0,-0.0009,0.1015,0.2980,-0.0394,,,9575.3132,0.0160,,
2022-03-15 00:00:00+05:30,10983.1900,1351.1900,9632.0000,8648.8100,10000.0000,0.0000,983.1900,0.0000,983.1900,10983.1900,0.0000,0.0000,-31.5000,0.8800,0.8800,9632.0000,9632.0000,9632.0000,0.0000,1,0,-0.0029,0.0983,0.2951,-0.0421,,,9438.4291,-0.0143,,
2022-03-16 00:00:00+05:30,11592.1900,1351.1900,10241.0000,8648.8100,10000.0000,0.0000,1592.1900,0.0000,1592.1900,11592.1900,0.0000,0.0000,609.0000,0.8800,0.8800,10241.0000,10241.0000,10241.0000,0.0000,1,0,0.0554,0.1592,0.3171,0.0000,,,9620.6483,0.0193,,
2022-03-17 00:00:00+05:30,11501.1900,1351.1900,10150.0000,8648.8100,10000.0000,0.0000,1501.1900,0.0000,1501.1900,11501.1900,0.0000,0.0000,-91.0000,0.8800,0.8800,10150.0000,10150.0000,10150.0000,0.0000,1,0,-0.0079,0.1501,0.3145,-0.0079,,,9809.5019,0.0196,,
2022-03-21 00:00:00+05:30,11466.1900,1351.1900,10115.0000,8648.8100,10000.0000,0.0000,1466.1900,0.0000,1466.1900,11466.1900,0.0000,0.0000,-35.0000,0.8800,0.8800,10115.0000,10115.0000,10115.0000,0.0000,1,0,-0.0030,0.1466,0.3116,-0.0109,,,9704.2871,-0.0107,,
2022-03-22 00:00:00+05:30,11298.1900,1351.1900,9947.0000,8648.8100,10000.0000,0.0000,1298.1900,0.0000,1298.1900,11298.1900,0.0000,0.0000,-168.0000,0.8800,0.8800,9947.0000,9947.0000,9947.0000,0.0000,1,0,-0.0147,0.1298,0.3103,-0.0254,,,9826.7400,0.0126,,
2022-03-23 00:00:00+05:30,11193.1900,1351.1900,9842.0000,8648.8100,10000.0000,0.0000,1193.1900,0.0000,1193.1900,11193.1900,0.0000,0.0000,-105.0000,0.8800,0.8800,9842.0000,9842.0000,9842.0000,0.0000,1,0,-0.0093,0.1193,0.3081,-0.0344,,,9766.4917,-0.0061,,
2022-03-24 00:00:00+05:30,11158.1900,1351.1900,9807.0000,8648.8100,10000.0000,0.0000,1158.1900,0.0000,1158.1900,11158.1900,0.0000,0.0000,-35.0000,0.8800,0.8800,9807.0000,9807.0000,9807.0000,0.0000,1,0,-0.0031,0.1158,0.3054,-0.0374,,,9751.6069,-0.0015,,
2022-03-25 00:00:00+05:30,11091.3400,1351.1900,9740.1500,8648.8100,10000.0000,0.0000,1091.3400,0.0000,1091.3400,11091.3400,0.0000,0.0000,-66.8500,0.8800,0.8800,9740.1500,9740.1500,9740.1500,0.0000,1,0,-0.0060,0.1091,0.3030,-0.0432,,,9740.6346,-0.0011,,
2022-03-28 00:00:00+05:30,11172.1900,1351.1900,9821.0000,8648.8100,10000.0000,0.0000,1172.1900,0.0000,1172.1900,11172.1900,0.0000,0.0000,80.8500,0.8800,0.8800,9821.0000,9821.0000,9821.0000,0.0000,1,0,0.0073,0.1172,0.3008,-0.0362,,,9761.4734,0.0021,,
2022-03-29 00:00:00+05:30,11123.1900,1351.1900,9772.0000,8648.8100,10000.0000,0.0000,1123.1900,0.0000,1123.1900,11123.1900,0.0000,0.0000,-49.0000,0.8800,0.8800,9772.0000,9772.0000,9772.0000,0.0000,1,0,-0.0044,0.1123,0.2984,-0.0405,,,9830.1139,0.0070,,
2022-03-30 00:00:00+05:30,11193.1900,1351.1900,9842.0000,8648.8100,10000.0000,0.0000,1193.1900,0.0000,1193.1900,11193.1900,0.0000,0.0000,70.0000,0.8800,0.8800,9842.0000,9842.0000,9842.0000,0.0000,1,0,0.0063,0.1193,0.2962,-0.0344,1.7389,0.2968,9907.1467,0.0078,,
2022-03-31 00:00:00+05:30,11804.2900,1351.1900,10453.1000,8648.8100,10000.0000,0.0000,1804.2900,0.0000,1804.2900,11804.2900,0.0000,0.0000,611.1000,0.8900,0.8900,10453.1000,10453.1000,10453.1000,0.0000,1,0,0.0546,0.1804,0.3140,0.0000,2.3955,0.3156,9905.5307,-0.0002,0.002953700433862862,0.7520350972832643
2022-04-01 00:00:00+05:30,12000.2900,1351.1900,10649.1000,8648.8100,10000.0000,0.0000,2000.2900,0.0000,2000.2900,12000.2900,0.0000,0.0000,196.0000,0.8900,0.8900,10649.1000,10649.1000,10649.1000,0.0000,1,0,0.0166,0.2000,0.3133,0.0000,2.4244,0.3160,10030.0533,0.0126,0.003111199855011289,0.7563274679410423
2022-04-04 00:00:00+05:30,12281.6900,1351.1900,10930.5000,8648.8100,10000.0000,0.0000,2281.6900,0.0000,2281.6900,12281.6900,0.0000,0.0000,281.4000,0.8900,0.8900,10930.5000,10930.5000,10930.5000,0.0000,1,0,0.0234,0.2282,0.3143,0.0000,2.5120,0.3177,10227.2141,0.0197,0.00313745292834439,0.7620363882026251
2022-04-05 00:00:00+05:30,12186.4900,1351.1900,10835.3000,8648.8100,10000.0000,0.0000,2186.4900,0.0000,2186.4900,12186.4900,0.0000,0.0000,-95.2000,0.8900,0.8900,10835.3000,10835.3000,10835.3000,0.0000,1,0,-0.0078,0.2186,0.3122,-0.0078,2.6750,0.3153,10167.5045,-0.0058,0.0028939751381005427,0.7614266662031389
2022-04-06 00:00:00+05:30,12229.1900,1351.1900,10878.0000,8648.8100,10000.0000,0.0000,2229.1900,0.0000,2229.1900,12229.1900,0.0000,0.0000,42.7000,0.8900,0.8900,10878.0000,10878.0000,10878.0000,0.0000,1,0,0.0035,0.2229,0.3099,-0.0043,2.6565,0.3153,10092.9667,-0.0073,0.0032372818370134926,0.7466476601014234
2022-04-07 00:00:00+05:30,12418.1900,1351.1900,11067.0000,8648.8100,10000.0000,0.0000,2418.1900,0.0000,2418.1900,12418.1900,0.0000,0.0000,189.0000,0.8900,0.8900,11067.0000,11067.0000,11067.0000,0.0000,1,0,0.0155,0.2418,0.3090,0.0000,2.5258,0.3124,10011.2274,-0.0081,0.003559406704882052,0.7350910296262131
2022-04-08 00:00:00+05:30,12691.1900,1351.1900,11340.0000,8648.8100,10000.0000,0.0000,2691.1900,0.0000,2691.1900,12691.1900,0.0000,0.0000,273.0000,0.8900,0.8900,11340.0000,11340.0000,11340.0000,0.0000,1,0,0.0220,0.2691,0.3096,0.0000,2.9362,0.3137,10093.5337,0.0082,0.003504552899385019,0.7298925643700659
2022-04-11 00:00:00+05:30,13116.4400,1351.1900,11765.2500,8648.8100,10000.0000,0.0000,3116.4400,0.0000,3116.4400,13116.4400,0.0000,0.0000,425.2500,0.9000,0.9000,11765.2500,11765.2500,11765.2500,0.0000,1,0,0.0335,0.3116,0.3140,0.0000,3.0703,0.3178,10025.1200,-0.0068,0.004320898626413152,0.7152307283345697
2022-04-12 00:00:00+05:30,13027.1900,1351.1900,11676.0000,8648.8100,10000.0000,0.0000,3027.1900,0.0000,3027.1900,13027.1900,0.0000,0.0000,-89.2500,0.9000,0.9000,11676.0000,11676.0000,11676.0000,0.0000,1,0,-0.0068,0.3027,0.3120,-0.0068,2.8946,0.3185,9934.5632,-0.0090,0.004067222166556325,0.7113212038856795
2022-04-13 00:00:00+05:30,13124.4900,1351.1900,11773.3000,8648.8100,10000.0000,0.0000,3124.4900,0.0000,3124.4900,13124.4900,0.0000,0.0000,97.3000,0.9000,0.9000,11773.3000,11773.3000,11773.3000,0.0000,1,0,0.0075,0.3124,0.3101,0.0000,2.6138,0.3130,9904.7935,-0.0030,0.004163964483830244,0.7103612867295273
2022-04-18 00:00:00+05:30,13524.1900,1351.1900,12173.0000,8648.8100,10000.0000,0.0000,3524.1900,0.0000,3524.1900,13524.1900,0.0000,0.0000,399.7000,0.9000,0.9000,12173.0000,12173.0000,12173.0000,0.0000,1,0,0.0305,0.3524,0.3132,0.0000,2.7516,0.3166,9745.0859,-0.0161,0.004270896808833902,0.6648687333827576
2022-04-19 00:00:00+05:30,13059.3900,1351.1900,11708.2000,8648.8100,10000.0000,0.0000,3059.3900,0.0000,3059.3900,13059.3900,0.0000,0.0000,-464.8000,0.9000,0.9000,11708.2000,11708.2000,11708.2000,0.0000,1,0,-0.0344,0.3059,0.3176,-0.0344,2.2708,0.3257,9565.3900,-0.0184,0.003697272697470323,0.6959151030588705
2022-04-20 00:00:00+05:30,13083.1900,1351.1900,11732.0000,8648.8100,10000.0000,0.0000,3083.1900,0.0000,3083.1900,13083.1900,0.0000,0.0000,23.8000,0.9000,0.9000,11732.0000,11732.0000,11732.0000,0.0000,1,0,0.0018,0.3083,0.3154,-0.0326,1.9882,0.3224,9724.5589,0.0166,0.0034518121040566286,0.6783189892643877
2022-04-21 00:00:00+05:30,13077.9400,1351.1900,11726.7500,8648.8100,10000.0000,0.0000,3077.9400,0.0000,3077.9400,13077.9400,0.0000,0.0000,-5.2500,0.9000,0.9000,11726.7500,11726.7500,11726.7500,0.0000,1,0,-0.0004,0.3078,0.3133,-0.0330,1.9922,0.3223,9866.6032,0.0146,0.0027638202441197224,0.682257607887094
2022-04-22 00:00:00+05:30,13124.8400,1351.1900,11773.6500,8648.8100,10000.0000,0.0000,3124.8400,0.0000,3124.8400,13124.8400,0.0000,0.0000,46.9000,0.9000,0.9000,11773.6500,11773.6500,11773.6500,0.0000,1,0,0.0036,0.3125,0.3113,-0.0295,2.1399,0.3217,9735.8431,-0.0133,0.002880035060069231,0.6743319112106217
2022-04-25 00:00:00+05:30,12771.6900,1351.1900,11420.5000,8648.8100,10000.0000,0.0000,2771.6900,0.0000,2771.6900,12771.6900,0.0000,0.0000,-353.1500,0.8900,0.8900,11420.5000,11420.5000,11420.5000,0.0000,1,0,-0.0269,0.2772,0.3131,-0.0556,2.3436,0.3158,9630.2030,-0.0109,0.002605629454538372,0.6890511435204423
2022-04-26 00:00:00+05:30,12858.4900,1351.1900,11507.3000,8648.8100,10000.0000,0.0000,2858.4900,0.0000,2858.4900,12858.4900,0.0000,0.0000,86.8000,0.8900,0.8900,11507.3000,11507.3000,11507.3000,0.0000,1,0,0.0068,0.2858,0.3113,-0.0492,1.9057,0.3033,9753.9601,0.0129,0.0028807227592940092,0.633463157387045
2022-04-27 00:00:00+05:30,12817.1900,1351.1900,11466.0000,8648.8100,10000.0000,0.0000,2817.1900,0.0000,2817.1900,12817.1900,0.0000,0.0000,-41.3000,0.8900,0.8900,11466.0000,11466.0000,11466.0000,0.0000,1,0,-0.0032,0.2817,0.3094,-0.0523,1.8673,0.3034,9661.0785,-0.0095,0.0022737424723531527,0.6066325539336206
2022-04-28 00:00:00+05:30,12747.1900,1351.1900,11396.0000,8648.8100,10000.0000,0.0000,2747.1900,0.0000,2747.1900,12747.1900,0.0000,0.0000,-70.0000,0.8900,0.8900,11396.0000,11396.0000,11396.0000,0.0000,1,0,-0.0055,0.2747,0.3076,-0.0575,1.8157,0.3037,9770.9147,0.0114,0.002012982644595154,0.5944010577586442
2022-04-29 00:00:00+05:30,12501.8400,1351.1900,11150.6500,8648.8100,10000.0000,0.0000,2501.8400,0.0000,2501.8400,12501.8400,0.0000,0.0000,-245.3500,0.8900,0.8900,11150.6500,11150.6500,11150.6500,0.0000,1,0,-0.0192,0.2502,0.3076,-0.0756,1.3369,0.3057,9703.0113,-0.0069,0.0017717040974468386,0.6034153034079217
2022-05-02 00:00:00+05:30,12376.1900,1351.1900,11025.0000,8648.8100,10000.0000,0.0000,2376.1900,0.0000,2376.1900,12376.1900,0.0000,0.0000,-125.6500,0.8900,0.8900,11025.0000,11025.0000,11025.0000,0.0000,1,0,-0.0101,0.2376,0.3062,-0.0849,1.2797,0.3062,9676.4170,-0.0027,0.0015242427770200827,0.6002075543982662
2022-05-04 00:00:00+05:30,12439.1900,1351.1900,11088.0000,8648.8100,10000.0000,0.0000,2439.1900,0.0000,2439.1900,12439.1900,0.0000,0.0000,63.0000,0.8900,0.8900,11088.0000,11088.0000,11088.0000,0.0000,1,0,0.0051,0.2439,0.3045,-0.0802,1.4377,0.3059,9466.6111,-0.0217,0.0020678030922903386,0.5942728012941128
2022-05-05 00:00:00+05:30,12515.1400,1351.1900,11163.9500,8648.8100,10000.0000,0.0000,2515.1400,0.0000,2515.1400,12515.1400,0.0000,0.0000,75.9500,0.8900,0.8900,11163.9500,11163.9500,11163.9500,0.0000,1,0,0.0061,0.2515,0.3028,-0.0746,1.6227,0.3054,9452.1515,-0.0015,0.002402252493883381,0.6075833110323309
2022-05-06 00:00:00+05:30,12425.1900,1351.1900,11074.0000,8648.8100,10000.0000,0.0000,2425.1900,0.0000,2425.1900,12425.1900,0.0000,0.0000,-89.9500,0.8900,0.8900,11074.0000,11074.0000,11074.0000,0.0000,1,0,-0.0072,0.2425,0.3013,-0.0813,1.6445,0.3052,9321.1929,-0.0139,0.0023891292151264763,0.6084206641768911
2022-05-09 00:00:00+05:30,12292.1900,1351.1900,10941.0000,8648.8100,10000.0000,0.0000,2292.1900,0.0000,2292.1900,12292.1900,0.0000,0.0000,-133.0000,0.8900,0.8900,10941.0000,10941.0000,10941.0000,0.0000,1,0,-0.0107,0.2292,0.3001,-0.0911,1.6254,0.3054,9247.5624,-0.0079,0.0024301270080813874,0.6129876914059775
2022-05-10 00:00:00+05:30,12180.1900,1351.1900,10829.0000,8648.8100,10000.0000,0.0000,2180.1900,0.0000,2180.1900,12180.1900,0.0000,0.0000,-112.0000,0.8900,0.8900,10829.0000,10829.0000,10829.0000,0.0000,1,0,-0.0091,0.2180,0.2988,-0.0994,1.5850,0.3058,9190.4896,-0.0062,0.002329993409515884,0.6142914513391956
2022-05-11 00:00:00+05:30,12237.9400,1351.1900,10886.7500,8648.8100,10000.0000,0.0000,2237.9400,0.0000,2237.9400,12237.9400,0.0000,0.0000,57.7500,0.8900,0.8900,10886.7500,10886.7500,10886.7500,0.0000,1,0,0.0047,0.2238,0.2972,-0.0951,1.2605,0.3002,9187.3708,-0.0003,0.0025335388176609005,0.6165198700727867
2022-05-12 00:00:00+05:30,11988.7400,1351.1900,10637.5500,8648.8100,10000.0000,0.0000,1988.7400,0.0000,1988.7400,11988.7400,0.0000,0.0000,-249.2000,0.8900,0.8900,10637.5500,10637.5500,10637.5500,0.0000,1,0,-0.0204,0.1989,0.2975,-0.1135,1.1806,0.3017,8974.2761,-0.0232,0.0020653489712012018,0.6086380900432974
2022-05-13 00:00:00+05:30,11850.8400,1351.1900,10499.6500,8648.8100,10000.0000,0.0000,1850.8400,0.0000,1850.8400,11850.8400,0.0000,0.0000,-137.9000,0.8900,0.8900,10499.6500,10499.6500,10499.6500,0.0000,1,0,-0.0115,0.1851,0.2965,-0.1237,1.2012,0.3014,8940.6505,-0.0037,0.002254325221845069,0.6244774788707246
2022-05-16 00:00:00+05:30,12613.1400,1351.1900,11261.9500,8648.8100,10000.0000,0.0000,2613.1400,0.0000,2613.1400,12613.1400,0.0000,0.0000,762.3000,0.8900,0.8900,11261.9500,11261.9500,11261.9500,0.0000,1,0,0.0643,0.2613,0.3139,-0.0674,2.3217,0.3218,8995.8521,0.0062,0.003355112371641168,0.6531206539275484
2022-05-17 00:00:00+05:30,13083.1900,1351.1900,11732.0000,8648.8100,10000.0000,0.0000,3083.1900,0.0000,3083.1900,13083.1900,0.0000,0.0000,470.0500,0.9000,0.9000,11732.0000,11732.0000,11732.0000,0.0000,1,0,0.0373,0.3083,0.3183,-0.0326,2.4348,0.3260,9231.7136,0.0262,0.003814695670056957,0.6629259868012459
2022-05-18 00:00:00+05:30,13132.1900,1351.1900,11781.0000,8648.8100,10000.0000,0.0000,3132.1900,0.0000,3132.1900,13132.1900,0.0000,0.0000,49.0000,0.9000,0.9000,11781.0000,11781.0000,11781.0000,0.0000,1,0,0.0037,0.3132,0.3166,-0.0290,2.5642,0.3255,9218.1045,-0.0015,0.0038016843970773433,0.6588099259536901
2022-05-19 00:00:00+05:30,13195.5400,1351.1900,11844.3500,8648.8100,10000.0000,0.0000,3195.5400,0.0000,3195.5400,13195.5400,0.0000,0.0000,63.3500,0.9000,0.9000,11844.3500,11844.3500,11844.3500,0.0000,1,0,0.0048,0.3196,0.3150,-0.0243,2.6200,0.3254,8975.7504,-0.0263,0.004172526483747328,0.6191659771632215
2022-05-20 00:00:00+05:30,13622.1900,1351.1900,12271.0000,8648.8100,10000.0000,0.0000,3622.1900,0.0000,3622.1900,13622.1900,0.0000,0.0000,426.6500,0.9000,0.9000,12271.0000,12271.0000,12271.0000,0.0000,1,0,0.0323,0.3622,0.3178,0.0000,3.1722,0.3289,9231.9687,0.0285,0.00441747718515313,0.6432328842724634
2022-05-23 00:00:00+05:30,14007.1900,1351.1900,12656.0000,8648.8100,10000.0000,0.0000,4007.1900,0.0000,4007.1900,14007.1900,0.0000,0.0000,385.0000,0.9000,0.9000,12656.0000,12656.0000,12656.0000,0.0000,1,0,0.0283,0.4007,0.3195,0.0000,4.0027,0.3238,9181.3602,-0.0055,0.005138174605838998,0.6339258644906317
2022-05-24 00:00:00+05:30,13790.1900,1351.1900,12439.0000,8648.8100,10000.0000,0.0000,3790.1900,0.0000,3790.1900,13790.1900,0.0000,0.0000,-217.0000,0.9000,0.9000,12439.0000,12439.0000,12439.0000,0.0000,1,0,-0.0155,0.3790,0.3188,-0.0155,3.9112,0.3252,9151.7889,-0.0032,0.005398789299944644,0.629899576888846
2022-05-25 00:00:00+05:30,13612.0400,1351.1900,12260.8500,8648.8100,10000.0000,0.0000,3612.0400,0.0000,3612.0400,13612.0400,0.0000,0.0000,-178.1500,0.9000,0.9000,12260.8500,12260.8500,12260.8500,0.0000,1,0,-0.0129,0.3612,0.3178,-0.0282,3.4957,0.3260,9094.1206,-0.0063,0.005337031997432897,0.6307013648739113
2022-05-26 00:00:00+05:30,13776.1900,1351.1900,12425.0000,8648.8100,10000.0000,0.0000,3776.1900,0.0000,3776.1900,13776.1900,0.0000,0.0000,164.1500,0.9000,0.9000,12425.0000,12425.0000,12425.0000,0.0000,1,0,0.0121,0.3776,0.3168,-0.0165,3.9321,0.3227,9186.9739,0.0102,0.005110062196943164,0.6318354516097042
2022-05-27 00:00:00+05:30,13930.5400,1351.1900,12579.3500,8648.8100,10000.0000,0.0000,3930.5400,0.0000,3930.5400,13930.5400,0.0000,0.0000,154.3500,0.9000,0.9000,12579.3500,12579.3500,12579.3500,0.0000,1,0,0.0112,0.3931,0.3157,-0.0055,3.8071,0.3209,9274.6104,0.0095,0.0049855468346297425,0.665255219791
2022-05-30 00:00:00+05:30,14056.5400,1351.1900,12705.3500,8648.8100,10000.0000,0.0000,4056.5400,0.0000,4056.5400,14056.5400,0.0000,0.0000,126.0000,0.9000,0.9000,12705.3500,12705.3500,12705.3500,0.0000,1,0,0.0090,0.4057,0.3144,0.0000,3.4559,0.3101,9451.5845,0.0191,0.004862183776763223,0.6520812061008053
2022-05-31 00:00:00+05:30,14130.0400,1351.1900,12778.8500,8648.8100,10000.0000,0.0000,4130.0400,0.0000,4130.0400,14130.0400,0.0000,0.0000,73.5000,0.9000,0.9000,12778.8500,12778.8500,12778.8500,0.0000,1,0,0.0052,0.4130,0.3129,0.0000,3.3947,0.3099,9400.5790,-0.0054,0.004346315871206456,0.6247507413154528
2022-06-01 00:00:00+05:30,14644.1900,1351.1900,13293.0000,8648.8100,10000.0000,0.0000,4644.1900,0.0000,4644.1900,14644.1900,0.0000,0.0000,514.1500,0.9100,0.9100,13293.0000,13293.0000,13293.0000,0.0000,1,0,0.0364,0.4644,0.3166,0.0000,3.9347,0.3156,9379.3432,-0.0023,0.004704084552071691,0.628494442662702
2022-06-02 00:00:00+05:30,14651.1900,1351.1900,13300.0000,8648.8100,10000.0000,0.0000,4651.1900,0.0000,4651.1900,14651.1900,0.0000,0.0000,7.0000,0.9100,0.9100,13300.0000,13300.0000,13300.0000,0.0000,1,0,0.0005,0.4651,0.3151,0.0000,3.9879,0.3153,9434.1195,0.0058,0.004726094605727814,0.6175824732480636
2022-06-03 00:00:00+05:30,14644.1900,1351.1900,13293.0000,8648.8100,10000.0000,0.0000,4644.1900,0.0000,4644.1900,14644.1900,0.0000,0.0000,-7.0000,0.9100,0.9100,13293.0000,13293.0000,13293.0000,0.0000,1,0,-0.0005,0.4644,0.3136,-0.0005,4.4971,0.3071,9404.1230,-0.0032,0.004637998911942028,0.6221180825693541
2022-06-06 00:00:00+05:30,14562.2900,1351.1900,13211.1000,8648.8100,10000.0000,0.0000,4562.2900,0.0000,4562.2900,14562.2900,0.0000,0.0000,-81.9000,0.9100,0.9100,13211.1000,13211.1000,13211.1000,0.0000,1,0,-0.0056,0.4562,0.3122,-0.0061,4.4782,0.3072,9392.3001,-0.0013,0.004859216395164151,0.5730119059226955
2022-06-07 00:00:00+05:30,14619.6900,1351.1900,13268.5000,8648.8100,10000.0000,0.0000,4619.6900,0.0000,4619.6900,14619.6900,0.0000,0.0000,57.4000,0.9100,0.9100,13268.5000,13268.5000,13268.5000,0.0000,1,0,0.0039,0.4620,0.3108,-0.0021,4.4134,0.3072,9302.2537,-0.0096,0.005162513864383669,0.580436931134088
2022-06-08 00:00:00+05:30,14258.4900,1351.1900,12907.3000,8648.8100,10000.0000,0.0000,4258.4900,0.0000,4258.4900,14258.4900,0.0000,0.0000,-361.2000,0.9100,0.9100,12907.3000,12907.3000,12907.3000,0.0000,1,0,-0.0247,0.4258,0.3117,-0.0268,3.7275,0.3113,9262.8726,-0.0042,0.004861415949830513,0.6158764825270765
2022-06-09 00:00:00+05:30,14479.3400,1351.1900,13128.1500,8648.8100,10000.0000,0.0000,4479.3400,0.0000,4479.3400,14479.3400,0.0000,0.0000,220.8500,0.9100,0.9100,13128.1500,13128.1500,13128.1500,0.0000,1,0,0.0155,0.4479,0.3112,-0.0117,3.8236,0.3121,9345.8877,0.0090,0.00479056805099375,0.6080632291452019
2022-06-10 00:00:00+05:30,14567.1900,1351.1900,13216.0000,8648.8100,10000.0000,0.0000,4567.1900,0.0000,4567.1900,14567.1900,0.0000,0.0000,87.8500,0.9100,0.9100,13216.0000,13216.0000,13216.0000,0.0000,1,0,0.0061,0.4567,0.3099,-0.0057,3.9204,0.3119,9181.2468,-0.0176,0.00496439171763682,0.5849911898069942
2022-06-13 00:00:00+05:30,14335.4900,1351.1900,12984.3000,8648.8100,10000.0000,0.0000,4335.4900,0.0000,4335.4900,14335.4900,0.0000,0.0000,-231.7000,0.9100,0.9100,12984.3000,12984.3000,12984.3000,0.0000,1,0,-0.0159,0.4335,0.3094,-0.0215,3.7155,0.3144,8959.8165,-0.0241,0.005147818419614876,0.6290985543658331
2022-06-14 00:00:00+05:30,14525.1900,1351.1900,13174.0000,8648.8100,10000.0000,0.0000,4525.1900,0.0000,4525.1900,14525.1900,0.0000,0.0000,189.7000,0.9100,0.9100,13174.0000,13174.0000,13174.0000,0.0000,1,0,0.0132,0.4525,0.3086,-0.0086,3.3398,0.2967,8926.3610,-0.0037,0.005301251969672822,0.6272158755469673
2022-06-15 00:00:00+05:30,14357.1900,1351.1900,13006.0000,8648.8100,10000.0000,0.0000,4357.1900,0.0000,4357.1900,14357.1900,0.0000,0.0000,-168.0000,0.9100,0.9100,13006.0000,13006.0000,13006.0000,0.0000,1,0,-0.0116,0.4357,0.3077,-0.0201,3.2794,0.2974,8896.2793,-0.0034,0.00433362865364404,0.5425765623391475
2022-06-16 00:00:00+05:30,13919.6900,1351.1900,12568.5000,8648.8100,10000.0000,0.0000,3919.6900,0.0000,3919.6900,13919.6900,0.0000,0.0000,-437.5000,0.9000,0.9000,12568.5000,12568.5000,12568.5000,0.0000,1,0,-0.0305,0.3920,0.3097,-0.0499,2.8158,0.3053,8703.0878,-0.0217,0.0045348429665223915,0.6506033852757054
2022-06-17 00:00:00+05:30,14882.1900,1351.1900,13531.0000,8648.8100,10000.0000,0.0000,4882.1900,0.0000,4882.1900,14882.1900,0.0000,0.0000,962.5000,0.9100,0.9100,13531.0000,13531.0000,13531.0000,0.0000,1,0,0.0691,0.4882,0.3250,0.0000,3.6575,0.3313,8695.9431,-0.0008,0.0056218417130906246,0.6567887566631939
2022-06-20 00:00:00+05:30,13418.4900,1351.1900,12067.3000,8648.8100,10000.0000,0.0000,3418.4900,0.0000,3418.4900,13418.4900,0.0000,0.0000,-1463.7000,0.9000,0.9000,12067.3000,12067.3000,12067.3000,0.0000,1,0,-0.0984,0.3418,0.3549,-0.0984,2.1352,0.3922,8714.8256,0.0022,0.004359140518618939,0.6551790101142294
2022-06-21 00:00:00+05:30,13986.1900,1351.1900,12635.0000,8648.8100,10000.0000,0.0000,3986.1900,0.0000,3986.1900,13986.1900,0.0000,0.0000,567.7000,0.9000,0.9000,12635.0000,12635.0000,12635.0000,0.0000,1,0,0.0423,0.3986,0.3588,-0.0602,2.5704,0.4000,8865.2337,0.0173,0.005031626028437248,0.7065921317263439
2022-06-22 00:00:00+05:30,13832.1900,1351.1900,12481.0000,8648.8100,10000.0000,0.0000,3832.1900,0.0000,3832.1900,13832.1900,0.0000,0.0000,-154.0000,0.9000,0.9000,12481.0000,12481.0000,12481.0000,0.0000,1,0,-0.0110,0.3832,0.3576,-0.0706,2.5137,0.4007,8733.0844,-0.0149,0.005071307687991319,0.7147728901600047
2022-06-23 00:00:00+05:30,13775.8400,1351.1900,12424.6500,8648.8100,10000.0000,0.0000,3775.8400,0.0000,3775.8400,13775.8400,0.0000,0.0000,-56.3500,0.9000,0.9000,12424.6500,12424.6500,12424.6500,0.0000,1,0,-0.0041,0.3776,0.3561,-0.0743,2.3925,0.4010,8833.1391,0.0115,0.00491833130724023,0.6907362827707383
2022-06-24 00:00:00+05:30,13900.7900,1351.1900,12549.6000,8648.8100,10000.0000,0.0000,3900.7900,0.0000,3900.7900,13900.7900,0.0000,0.0000,124.9500,0.9000,0.9000,12549.6000,12549.6000,12549.6000,0.0000,1,0,0.0091,0.3901,0.3548,-0.0659,2.5353,0.4007,8901.9781,0.0078,0.004881605265212241,0.6891934627402175
2022-06-27 00:00:00+05:30,14014.1900,1351.1900,12663.0000,8648.8100,10000.0000,0.0000,4014.1900,0.0000,4014.1900,14014.1900,0.0000,0.0000,113.4000,0.9000,0.9000,12663.0000,12663.0000,12663.0000,0.0000,1,0,0.0082,0.4014,0.3535,-0.0583,2.5548,0.4008,8979.7481,0.0087,0.005082765959547403,0.6990528644037216
2022-06-28 00:00:00+05:30,13935.7900,1351.1900,12584.6000,8648.8100,10000.0000,0.0000,3935.7900,0.0000,3935.7900,13935.7900,0.0000,0.0000,-78.4000,0.9000,0.9000,12584.6000,12584.6000,12584.6000,0.0000,1,0,-0.0056,0.3936,0.3521,-0.0636,1.9919,0.3871,9001.6643,0.0024,0.004948064571736509,0.6980795431838056
2022-06-29 00:00:00+05:30,13824.4900,1351.1900,12473.3000,8648.8100,10000.0000,0.0000,3824.4900,0.0000,3824.4900,13824.4900,0.0000,0.0000,-111.3000,0.9000,0.9000,12473.3000,12473.3000,12473.3000,0.0000,1,0,-0.0080,0.3824,0.3508,-0.0711,1.7268,0.3867,8950.0350,-0.0057,0.003979835489746926,0.6944408499367756
2022-06-30 00:00:00+05:30,13706.1900,1351.1900,12355.0000,8648.8100,10000.0000,0.0000,3706.1900,0.0000,3706.1900,13706.1900,0.0000,0.0000,-118.3000,0.9000,0.9000,12355.0000,12355.0000,12355.0000,0.0000,1,0,-0.0086,0.3706,0.3496,-0.0790,1.3856,0.3850,8922.9304,-0.0030,0.0037354341731866744,0.6896210480045311
2022-07-01 00:00:00+05:30,13512.9900,1351.1900,12161.8000,8648.8100,10000.0000,0.0000,3512.9900,0.0000,3512.9900,13512.9900,0.0000,0.0000,-193.2000,0.9000,0.9000,12161.8000,12161.8000,12161.8000,0.0000,1,0,-0.0141,0.3513,0.3488,-0.0920,1.3138,0.3859,8938.8643,0.0018,0.003271123646534079,0.6654470844113758
2022-07-04 00:00:00+05:30,13845.8400,1351.1900,12494.6500,8648.8100,10000.0000,0.0000,3845.8400,0.0000,3845.8400,13845.8400,0.0000,0.0000,332.8500,0.9000,0.9000,12494.6500,12494.6500,12494.6500,0.0000,1,0,0.0246,0.3846,0.3492,-0.0696,1.5325,0.3886,8975.8071,0.0041,0.0037130643956518987,0.6753755869275231
2022-07-05 00:00:00+05:30,13670.8400,1351.1900,12319.6500,8648.8100,10000.0000,0.0000,3670.8400,0.0000,3670.8400,13670.8400,0.0000,0.0000,-175.0000,0.9000,0.9000,12319.6500,12319.6500,12319.6500,0.0000,1,0,-0.0126,0.3671,0.3483,-0.0814,1.2281,0.3888,8959.2495,-0.0018,0.003393920014678041,0.6783170119501196
2022-07-06 00:00:00+05:30,13580.1900,1351.1900,12229.0000,8648.8100,10000.0000,0.0000,3580.1900,0.0000,3580.1900,13580.1900,0.0000,0.0000,-90.6500,0.9000,0.9000,12229.0000,12229.0000,12229.0000,0.0000,1,0,-0.0066,0.3580,0.3471,-0.0875,0.9237,0.3869,9077.2511,0.0132,0.002766687358394992,0.6597687554471593
2022-07-07 00:00:00+05:30,13432.4900,1351.1900,12081.3000,8648.8100,10000.0000,0.0000,3432.4900,0.0000,3432.4900,13432.4900,0.0000,0.0000,-147.7000,0.9000,0.9000,12081.3000,12081.3000,12081.3000,0.0000,1,0,-0.0109,0.3432,0.3461,-0.0974,0.4476,0.3819,9151.4487,0.0082,0.00217198540981477,0.6233250706994651
2022-07-08 00:00:00+05:30,13531.1900,1351.1900,12180.0000,8648.8100,10000.0000,0.0000,3531.1900,0.0000,3531.1900,13531.1900,0.0000,0.0000,98.7000,0.9000,0.9000,12180.0000,12180.0000,12180.0000,0.0000,1,0,0.0073,0.3531,0.3449,-0.0908,0.6028,0.3818,9196.0182,0.0049,0.0016549646842596078,0.6468060868427884
2022-07-11 00:00:00+05:30,13566.1900,1351.1900,12215.0000,8648.8100,10000.0000,0.0000,3566.1900,0.0000,3566.1900,13566.1900,0.0000,0.0000,35.0000,0.9000,0.9000,12215.0000,12215.0000,12215.0000,0.0000,1,0,0.0026,0.3566,0.3436,-0.0884,0.5493,0.3816,9185.5563,-0.0011,0.0017225236478243503,0.6444787552089961
2022-07-12 00:00:00+05:30,13537.8400,1351.1900,12186.6500,8648.8100,10000.0000,0.0000,3537.8400,0.0000,3537.8400,13537.8400,0.0000,0.0000,-28.3500,0.9000,0.9000,12186.6500,12186.6500,12186.6500,0.0000,1,0,-0.0021,0.3538,0.3423,-0.0903,0.1930,0.3765,9094.0923,-0.0100,0.0016372526112269918,0.6433962068107243
2022-07-13 00:00:00+05:30,13425.8400,1351.1900,12074.6500,8648.8100,10000.0000,0.0000,3425.8400,0.0000,3425.8400,13425.8400,0.0000,0.0000,-112.0000,0.9000,0.9000,12074.6500,12074.6500,12074.6500,0.0000,1,0,-0.0083,0.3426,0.3412,-0.0979,0.4926,0.3700,9058.9356,-0.0039,0.0009517761331645712,0.7143524941435746
2022-07-14 00:00:00+05:30,13461.1900,1351.1900,12110.0000,8648.8100,10000.0000,0.0000,3461.1900,0.0000,3461.1900,13461.1900,0.0000,0.0000,35.3500,0.9000,0.9000,12110.0000,12110.0000,12110.0000,0.0000,1,0,0.0026,0.3461,0.3399,-0.0955,0.5017,0.3700,9043.1718,-0.0017,0.001322352492407268,0.6669167382700552
2022-07-15 00:00:00+05:30,13426.1900,1351.1900,12075.0000,8648.8100,10000.0000,0.0000,3426.1900,0.0000,3426.1900,13426.1900,0.0000,0.0000,-35.0000,0.9000,0.9000,12075.0000,12075.0000,12075.0000,0.0000,1,0,-0.0026,0.3426,0.3386,-0.0978,0.4766,0.3701,9102.6546,0.0066,0.001376001427520529,0.6824196796861317
2022-07-18 00:00:00+05:30,13804.1900,1351.1900,12453.0000,8648.8100,10000.0000,0.0000,3804.1900,0.0000,3804.1900,13804.1900,0.0000,0.0000,378.0000,0.9000,0.9000,12453.0000,12453.0000,12453.0000,0.0000,1,0,0.0282,0.3804,0.3395,-0.0724,0.7473,0.3743,9232.2523,0.0142,0.0019057513589652102,0.7379041821976314
2022-07-19 00:00:00+05:30,14141.5900,1351.1900,12790.4000,8648.8100,10000.0000,0.0000,4141.5900,0.0000,4141.5900,14141.5900,0.0000,0.0000,337.4000,0.9000,0.9000,12790.4000,12790.4000,12790.4000,0.0000,1,0,0.0244,0.4142,0.3399,-0.0498,1.3287,0.3727,9259.4136,0.0029,0.002071853533905668,0.765655084184784
2022-07-20 00:00:00+05:30,14126.1900,1351.1900,12775.0000,8648.8100,10000.0000,0.0000,4126.1900,0.0000,4126.1900,14126.1900,0.0000,0.0000,-15.4000,0.9000,0.9000,12775.0000,12775.0000,12775.0000,0.0000,1,0,-0.0011,0.4126,0.3387,-0.0508,1.2399,0.3726,9353.8263,0.0102,0.002213251497776638,0.7235360708239778
2022-07-21 00:00:00+05:30,14266.1900,1351.1900,12915.0000,8648.8100,10000.0000,0.0000,4266.1900,0.0000,4266.1900,14266.1900,0.0000,0.0000,140.0000,0.9100,0.9100,12915.0000,12915.0000,12915.0000,0.0000,1,0,0.0099,0.4266,0.3377,-0.0414,1.3868,0.3728,9418.4692,0.0069,0.002339972069876863,0.7342121684938805
2022-07-22 00:00:00+05:30,14448.1900,1351.1900,13097.0000,8648.8100,10000.0000,0.0000,4448.1900,0.0000,4448.1900,14448.1900,0.0000,0.0000,182.0000,0.9100,0.9100,13097.0000,13097.0000,13097.0000,0.0000,1,0,0.0128,0.4448,0.3369,-0.0292,1.5917,0.3731,9477.7251,0.0063,0.002413603493750292,0.7409012509829598
2022-07-25 00:00:00+05:30,14665.1900,1351.1900,13314.0000,8648.8100,10000.0000,0.0000,4665.1900,0.0000,4665.1900,14665.1900,0.0000,0.0000,217.0000,0.9100,0.9100,13314.0000,13314.0000,13314.0000,0.0000,1,0,0.0150,0.4665,0.3363,-0.0146,1.9865,0.3713,9418.6109,-0.0062,0.0029703410766568875,0.7535646607153571
2022-07-26 00:00:00+05:30,14524.4900,1351.1900,13173.3000,8648.8100,10000.0000,0.0000,4524.4900,0.0000,4524.4900,14524.4900,0.0000,0.0000,-140.7000,0.9100,0.9100,13173.3000,13173.3000,13173.3000,0.0000,1,0,-0.0096,0.4524,0.3354,-0.0240,1.9926,0.3712,9337.2403,-0.0086,0.0031442052357591246,0.7458259939350229
2022-07-27 00:00:00+05:30,14924.1900,1351.1900,13573.0000,8648.8100,10000.0000,0.0000,4924.1900,0.0000,4924.1900,14924.1900,0.0000,0.0000,399.7000,0.9100,0.9100,13573.0000,13573.0000,13573.0000,0.0000,1,0,0.0275,0.4924,0.3362,0.0000,2.2258,0.3746,9437.1532,0.0107,0.003603136329775696,0.7656720865201178
2022-07-28 00:00:00+05:30,15589.1900,1351.1900,14238.0000,8648.8100,10000.0000,0.0000,5589.1900,0.0000,5589.1900,15589.1900,0.0000,0.0000,665.0000,0.9100,0.9100,14238.0000,14238.0000,14238.0000,0.0000,1,0,0.0446,0.5589,0.3402,0.0000,2.5923,0.3840,9595.5283,0.0168,0.0037355824188134968,0.8794151858405272
2022-07-29 00:00:00+05:30,15554.1900,1351.1900,14203.0000,8648.8100,10000.0000,0.0000,5554.1900,0.0000,5554.1900,15554.1900,0.0000,0.0000,-35.0000,0.9100,0.9100,14203.0000,14203.0000,14203.0000,0.0000,1,0,-0.0022,0.5554,0.3390,-0.0022,2.6503,0.3835,9729.2937,0.0139,0.003392889015079126,0.8489645709608417
2022-08-01 00:00:00+05:30,15568.1900,1351.1900,14217.0000,8648.8100,10000.0000,0.0000,5568.1900,0.0000,5568.1900,15568.1900,0.0000,0.0000,14.0000,0.9100,0.9100,14217.0000,14217.0000,14217.0000,0.0000,1,0,0.0009,0.5568,0.3378,-0.0013,2.7859,0.3823,9827.7040,0.0101,0.0032023759220844807,0.8378966979434692
2022-08-02 00:00:00+05:30,15701.1900,1351.1900,14350.0000,8648.8100,10000.0000,0.0000,5701.1900,0.0000,5701.1900,15701.1900,0.0000,0.0000,133.0000,0.9100,0.9100,14350.0000,14350.0000,14350.0000,0.0000,1,0,0.0085,0.5701,0.3368,0.0000,2.9864,0.3814,9806.9219,-0.0021,0.0034494932795256566,0.8263669929843492
2022-08-03 00:00:00+05:30,15529.3400,1351.1900,14178.1500,8648.8100,10000.0000,0.0000,5529.3400,0.0000,5529.3400,15529.3400,0.0000,0.0000,-171.8500,0.9100,0.9100,14178.1500,14178.1500,14178.1500,0.0000,1,0,-0.0109,0.5529,0.3360,-0.0109,2.8050,0.3827,9862.5204,0.0057,0.0032822056667752876,0.8078077372422426
2022-08-04 00:00:00+05:30,15372.1900,1351.1900,14021.0000,8648.8100,10000.0000,0.0000,5372.1900,0.0000,5372.1900,15372.1900,0.0000,0.0000,-157.1500,0.9100,0.9100,14021.0000,14021.0000,14021.0000,0.0000,1,0,-0.0101,0.5372,0.3351,-0.0210,2.9354,0.3805,9846.1329,-0.0017,0.003051208802392624,0.8127207160908388
2022-08-05 00:00:00+05:30,15406.4900,1351.1900,14055.3000,8648.8100,10000.0000,0.0000,5406.4900,0.0000,5406.4900,15406.4900,0.0000,0.0000,34.3000,0.9100,0.9100,14055.3000,14055.3000,14055.3000,0.0000,1,0,0.0022,0.5406,0.3340,-0.0188,3.0981,0.3790,9860.3373,0.0014,0.0031197395550831833,0.796309174802168
2022-08-08 00:00:00+05:30,16429.1900,1351.1900,15078.0000,8648.8100,10000.0000,0.0000,6429.1900,0.0000,6429.1900,16429.1900,0.0000,0.0000,1022.7000,0.9200,0.9200,15078.0000,15078.0000,15078.0000,0.0000,1,0,0.0664,0.6429,0.3438,0.0000,3.1097,0.3805,9939.0429,0.0080,0.004169304856586835,0.8377684853850819
2022-08-10 00:00:00+05:30,16576.1900,1351.1900,15225.0000,8648.8100,10000.0000,0.0000,6576.1900,0.0000,6576.1900,16576.1900,0.0000,0.0000,147.0000,0.9200,0.9200,15225.0000,15225.0000,15225.0000,0.0000,1,0,0.0089,0.6576,0.3429,0.0000,2.8409,0.3745,9936.7180,-0.0002,0.0034115377929832954,0.8008066972297365
2022-08-11 00:00:00+05:30,17200.9400,1351.1900,15849.7500,8648.8100,10000.0000,0.0000,7200.9400,0.0000,7200.9400,17200.9400,0.0000,0.0000,624.7500,0.9200,0.9200,15849.7500,15849.7500,15849.7500,0.0000,1,0,0.0377,0.7201,0.3452,0.0000,3.1695,0.3807,10001.8712,0.0066,0.003712784085104761,0.7740476354106958
2022-08-12 00:00:00+05:30,17325.1900,1351.1900,15974.0000,8648.8100,10000.0000,0.0000,7325.1900,0.0000,7325.1900,17325.1900,0.0000,0.0000,124.2500,0.9200,0.9200,15974.0000,15974.0000,15974.0000,0.0000,1,0,0.0072,0.7325,0.3442,0.0000,3.1957,0.3807,10035.8938,0.0034,0.0037071575157491604,0.7748311951718695
2022-08-16 00:00:00+05:30,17402.1900,1351.1900,16051.0000,8648.8100,10000.0000,0.0000,7402.1900,0.0000,7402.1900,17402.1900,0.0000,0.0000,77.0000,0.9200,0.9200,16051.0000,16051.0000,16051.0000,0.0000,1,0,0.0044,0.7402,0.3431,0.0000,2.9211,0.3764,10109.4109,0.0073,0.0030658807823894076,0.8788206016737308
2022-08-17 00:00:00+05:30,17378.7400,1351.1900,16027.5500,8648.8100,10000.0000,0.0000,7378.7400,0.0000,7378.7400,17378.7400,0.0000,0.0000,-23.4500,0.9200,0.9200,16027.5500,16027.5500,16027.5500,0.0000,1,0,-0.0013,0.7379,0.3420,-0.0013,2.6128,0.3732,10166.5405,0.0057,0.002894481671648301,0.8482552469539792
2022-08-18 00:00:00+05:30,17570.1900,1351.1900,16219.0000,8648.8100,10000.0000,0.0000,7570.1900,0.0000,7570.1900,17570.1900,0.0000,0.0000,191.4500,0.9200,0.9200,16219.0000,16219.0000,16219.0000,0.0000,1,0,0.0110,0.7570,0.3412,0.0000,2.9261,0.3713,10186.6138,0.0020,0.0024282519617305435,0.8935067338402845
2022-08-19 00:00:00+05:30,17045.1900,1351.1900,15694.0000,8648.8100,10000.0000,0.0000,7045.1900,0.0000,7045.1900,17045.1900,0.0000,0.0000,-525.0000,0.9200,0.9200,15694.0000,15694.0000,15694.0000,0.0000,1,0,-0.0299,0.7045,0.3422,-0.0299,2.6978,0.3763,10052.6499,-0.0132,0.0022650115277825624,0.9394274211305963
2022-08-22 00:00:00+05:30,16926.1900,1351.1900,15575.0000,8648.8100,10000.0000,0.0000,6926.1900,0.0000,6926.1900,16926.1900,0.0000,0.0000,-119.0000,0.9200,0.9200,15575.0000,15575.0000,15575.0000,0.0000,1,0,-0.0070,0.6926,0.3412,-0.0367,2.4827,0.3766,9920.0470,-0.0132,0.0025011778637262375,0.9167244945008014
2022-08-23 00:00:00+05:30,17119.3900,1351.1900,15768.2000,8648.8100,10000.0000,0.0000,7119.3900,0.0000,7119.3900,17119.3900,0.0000,0.0000,193.2000,0.9200,0.9200,15768.2000,15768.2000,15768.2000,0.0000,1,0,0.0114,0.7119,0.3404,-0.0257,2.4848,0.3766,9994.4430,0.0075,0.0025276156982981714,0.9187071276784733
2022-08-24 00:00:00+05:30,16891.1900,1351.1900,15540.0000,8648.8100,10000.0000,0.0000,6891.1900,0.0000,6891.1900,16891.1900,0.0000,0.0000,-228.2000,0.9200,0.9200,15540.0000,15540.0000,15540.0000,0.0000,1,0,-0.0133,0.6891,0.3397,-0.0386,2.2276,0.3780,9984.2362,-0.0010,0.0022765081154030235,0.925514582616516
2022-08-25 00:00:00+05:30,16874.0400,1351.1900,15522.8500,8648.8100,10000.0000,0.0000,6874.0400,0.0000,6874.0400,16874.0400,0.0000,0.0000,-17.1500,0.9200,0.9200,15522.8500,15522.8500,15522.8500,0.0000,1,0,-0.0010,0.6874,0.3386,-0.0396,2.1583,0.3781,9927.9005,-0.0056,0.0024547838071374726,0.9644271212470988
2022-08-26 00:00:00+05:30,17269.1900,1351.1900,15918.0000,8648.8100,10000.0000,0.0000,7269.1900,0.0000,7269.1900,17269.1900,0.0000,0.0000,395.1500,0.9200,0.9200,15918.0000,15918.0000,15918.0000,0.0000,1,0,0.0234,0.7269,0.3388,-0.0171,2.0351,0.3742,9970.2586,0.0043,0.0025781067925791518,0.9865956010297686
2022-08-29 00:00:00+05:30,17399.7400,1351.1900,16048.5500,8648.8100,10000.0000,0.0000,7399.7400,0.0000,7399.7400,17399.7400,0.0000,0.0000,130.5500,0.9200,0.9200,16048.5500,16048.5500,16048.5500,0.0000,1,0,0.0076,0.7400,0.3379,-0.0097,2.1144,0.3742,9832.0135,-0.0139,0.002320461990655206,0.9537155691878532
2022-08-30 00:00:00+05:30,17395.1900,1351.1900,16044.0000,8648.8100,10000.0000,0.0000,7395.1900,0.0000,7395.1900,17395.1900,0.0000,0.0000,-4.5500,0.9200,0.9200,16044.0000,16044.0000,16044.0000,0.0000,1,0,-0.0003,0.7395,0.3369,-0.0100,2.1167,0.3742,10061.7226,0.0234,0.0021381510369439015,0.858569556729859
2022-09-01 00:00:00+05:30,17493.1900,1351.1900,16142.0000,8648.8100,10000.0000,0.0000,7493.1900,0.0000,7493.1900,17493.1900,0.0000,0.0000,98.0000,0.9200,0.9200,16142.0000,16142.0000,16142.0000,0.0000,1,0,0.0056,0.7493,0.3359,-0.0044,2.2449,0.3738,9959.1162,-0.0102,0.002361066164827413,0.8340947332188755
2022-09-02 00:00:00+05:30,17941.1900,1351.1900,16590.0000,8648.8100,10000.0000,0.0000,7941.1900,0.0000,7941.1900,17941.1900,0.0000,0.0000,448.0000,0.9200,0.9200,16590.0000,16590.0000,16590.0000,0.0000,1,0,0.0256,0.7941,0.3364,0.0000,2.4703,0.3766,9939.0429,-0.0020,0.002898626624090502,0.8179552289341179
2022-09-05 00:00:00+05:30,17982.8400,1351.1900,16631.6500,8648.8100,10000.0000,0.0000,7982.8400,0.0000,7982.8400,17982.8400,0.0000,0.0000,41.6500,0.9200,0.9200,16631.6500,16631.6500,16631.6500,0.0000,1,0,0.0023,0.7983,0.3354,0.0000,2.8062,0.3719,10010.5186,0.0072,0.0026343820873360345,0.8283879394029914
2022-09-06 00:00:00+05:30,18144.1900,1351.1900,16793.0000,8648.8100,10000.0000,0.0000,8144.1900,0.0000,8144.1900,18144.1900,0.0000,0.0000,161.3500,0.9300,0.9300,16793.0000,16793.0000,16793.0000,0.0000,1,0,0.0090,0.8144,0.3346,0.0000,2.7373,0.3713,10009.2144,-0.0001,0.003165215477243551,0.8024794398129128
2022-09-07 00:00:00+05:30,18277.1900,1351.1900,16926.0000,8648.8100,10000.0000,0.0000,8277.1900,0.0000,8277.1900,18277.1900,0.0000,0.0000,133.0000,0.9300,0.9300,16926.0000,16926.0000,16926.0000,0.0000,1,0,0.0073,0.8277,0.3337,0.0000,2.7506,0.3714,9996.6828,-0.0013,0.0031763080263185754,0.7927739909096247
2022-09-08 00:00:00+05:30,18319.1900,1351.1900,16968.0000,8648.8100,10000.0000,0.0000,8319.1900,0.0000,8319.1900,18319.1900,0.0000,0.0000,42.0000,0.9300,0.9300,16968.0000,16968.0000,16968.0000,0.0000,1,0,0.0023,0.8319,0.3327,0.0000,2.9749,0.3690,10093.4203,0.0097,0.0026796814806187095,0.8426596115979004
2022-09-09 00:00:00+05:30,18375.1900,1351.1900,17024.0000,8648.8100,10000.0000,0.0000,8375.1900,0.0000,8375.1900,18375.1900,0.0000,0.0000,56.0000,0.9300,0.9300,17024.0000,17024.0000,17024.0000,0.0000,1,0,0.0031,0.8375,0.3317,0.0000,2.8635,0.3686,10109.9780,0.0016,0.0026144923710349497,0.8529850012309259
2022-09-12 00:00:00+05:30,19670.1900,1351.1900,18319.0000,8648.8100,10000.0000,0.0000,9670.1900,0.0000,9670.1900,19670.1900,0.0000,0.0000,1295.0000,0.9300,0.9300,18319.0000,18319.0000,18319.0000,0.0000,1,0,0.0705,0.9670,0.3416,0.0000,3.5787,0.3913,10167.9865,0.0057,0.0032712247470096855,0.9220722466609725
2022-09-13 00:00:00+05:30,19516.1900,1351.1900,18165.0000,8648.8100,10000.0000,0.0000,9516.1900,0.0000,9516.1900,19516.1900,0.0000,0.0000,-154.0000,0.9300,0.9300,18165.0000,18165.0000,18165.0000,0.0000,1,0,-0.0078,0.9516,0.3407,-0.0078,3.8841,0.3851,10244.4805,0.0075,0.0032541765297141364,0.8858011317290497
2022-09-14 00:00:00+05:30,19339.4400,1351.1900,17988.2500,8648.8100,10000.0000,0.0000,9339.4400,0.0000,9339.4400,19339.4400,0.0000,0.0000,-176.7500,0.9300,0.9300,17988.2500,17988.2500,17988.2500,0.0000,1,0,-0.0091,0.9339,0.3399,-0.0168,3.2155,0.3630,10207.1408,-0.0036,0.003545112515740245,0.8093270472830383
2022-09-15 00:00:00+05:30,19166.1900,1351.1900,17815.0000,8648.8100,10000.0000,0.0000,9166.1900,0.0000,9166.1900,19166.1900,0.0000,0.0000,-173.2500,0.9300,0.9300,17815.0000,17815.0000,17815.0000,0.0000,1,0,-0.0090,0.9166,0.3391,-0.0256,5.2409,0.2944,10134.3608,-0.0071,0.002163008062472371,0.8822111908286636
2022-09-16 00:00:00+05:30,18711.1900,1351.1900,17360.0000,8648.8100,10000.0000,0.0000,8711.1900,0.0000,8711.1900,18711.1900,0.0000,0.0000,-455.0000,0.9300,0.9300,17360.0000,17360.0000,17360.0000,0.0000,1,0,-0.0237,0.8711,0.3393,-0.0488,4.3523,0.2908,9951.6596,-0.0180,0.003579899740356714,0.9273054966397158
2022-09-19 00:00:00+05:30,18725.1900,1351.1900,17374.0000,8648.8100,10000.0000,0.0000,8725.1900,0.0000,8725.1900,18725.1900,0.0000,0.0000,14.0000,0.9300,0.9300,17374.0000,17374.0000,17374.0000,0.0000,1,0,0.0007,0.8725,0.3383,-0.0480,4.5490,0.2890,9998.0153,0.0047,0.003266252614250539,0.8392415342857392
2022-09-20 00:00:00+05:30,18605.8400,1351.1900,17254.6500,8648.8100,10000.0000,0.0000,8605.8400,0.0000,8605.8400,18605.8400,0.0000,0.0000,-119.3500,0.9300,0.9300,17254.6500,17254.6500,17254.6500,0.0000,1,0,-0.0064,0.8606,0.3374,-0.0541,4.5100,0.2893,10089.1958,0.0091,0.0031013287569205614,0.8016666454596699
2022-09-21 00:00:00+05:30,18606.1900,1351.1900,17255.0000,8648.8100,10000.0000,0.0000,8606.1900,0.0000,8606.1900,18606.1900,0.0000,0.0000,0.3500,0.9300,0.9300,17255.0000,17255.0000,17255.0000,0.0000,1,0,0.0000,0.8606,0.3365,-0.0541,4.3768,0.2894,10047.2063,-0.0042,0.003289898900837752,0.8407824745061545
2022-09-22 00:00:00+05:30,18780.8400,1351.1900,17429.6500,8648.8100,10000.0000,0.0000,8780.8400,0.0000,8780.8400,18780.8400,0.0000,0.0000,174.6500,0.9300,0.9300,17429.6500,17429.6500,17429.6500,0.0000,1,0,0.0094,0.8781,0.3357,-0.0452,4.3932,0.2895,10000.3402,-0.0047,0.0034975428139822884,0.8248022283936776
2022-09-23 00:00:00+05:30,18403.1900,1351.1900,17052.0000,8648.8100,10000.0000,0.0000,8403.1900,0.0000,8403.1900,18403.1900,0.0000,0.0000,-377.6500,0.9300,0.9300,17052.0000,17052.0000,17052.0000,0.0000,1,0,-0.0201,0.8403,0.3356,-0.0644,4.1289,0.2933,9828.1293,-0.0172,0.0033143015832423186,0.8711797144696464
2022-09-26 00:00:00+05:30,17661.1900,1351.1900,16310.0000,8648.8100,10000.0000,0.0000,7661.1900,0.0000,7661.1900,17661.1900,0.0000,0.0000,-742.0000,0.9200,0.9200,16310.0000,16310.0000,16310.0000,0.0000,1,0,-0.0403,0.7661,0.3380,-0.1021,3.5084,0.3065,9655.5214,-0.0176,0.002888701217959978,0.991127740324399
2022-09-27 00:00:00+05:30,17353.1900,1351.1900,16002.0000,8648.8100,10000.0000,0.0000,7353.1900,0.0000,7353.1900,17353.1900,0.0000,0.0000,-308.0000,0.9200,0.9200,16002.0000,16002.0000,16002.0000,0.0000,1,0,-0.0174,0.7353,0.3377,-0.1178,3.3648,0.3086,9662.9497,0.0008,0.0026362670397450834,0.9854440263569734
2022-09-28 00:00:00+05:30,17342.6900,1351.1900,15991.5000,8648.8100,10000.0000,0.0000,7342.6900,0.0000,7342.6900,17342.6900,0.0000,0.0000,-10.5000,0.9200,0.9200,15991.5000,15991.5000,15991.5000,0.0000,1,0,-0.0006,0.7343,0.3368,-0.1183,3.5737,0.3064,9541.1489,-0.0126,0.0029612573340353277,0.9510249785161332
2022-09-29 00:00:00+05:30,17591.1900,1351.1900,16240.0000,8648.8100,10000.0000,0.0000,7591.1900,0.0000,7591.1900,17591.1900,0.0000,0.0000,248.5000,0.9200,0.9200,16240.0000,16240.0000,16240.0000,0.0000,1,0,0.0143,0.7591,0.3363,-0.1057,3.4572,0.3042,9550.6469,0.0010,0.0034364831396679636,0.9533988253908773
2022-09-30 00:00:00+05:30,17836.1900,1351.1900,16485.0000,8648.8100,10000.0000,0.0000,7836.1900,0.0000,7836.1900,17836.1900,0.0000,0.0000,245.0000,0.9200,0.9200,16485.0000,16485.0000,16485.0000,0.0000,1,0,0.0139,0.7836,0.3358,-0.0932,3.8407,0.3028,9700.5163,0.0157,0.003110969657894809,0.9301333852008908
2022-10-03 00:00:00+05:30,17414.7900,1351.1900,16063.6000,8648.8100,10000.0000,0.0000,7414.7900,0.0000,7414.7900,17414.7900,0.0000,0.0000,-421.4000,0.9200,0.9200,16063.6000,16063.6000,16063.6000,0.0000,1,0,-0.0236,0.7415,0.3360,-0.1147,3.5503,0.3075,9569.4160,-0.0135,0.003071994399001122,0.9627400134664603
2022-10-04 00:00:00+05:30,17892.5400,1351.1900,16541.3500,8648.8100,10000.0000,0.0000,7892.5400,0.0000,7892.5400,17892.5400,0.0000,0.0000,477.7500,0.9200,0.9200,16541.3500,16541.3500,16541.3500,0.0000,1,0,0.0274,0.7893,0.3366,-0.0904,4.0483,0.3094,9797.0553,0.0238,0.0033909209691363454,1.0174186039055368
2022-10-06 00:00:00+05:30,18683.1900,1351.1900,17332.0000,8648.8100,10000.0000,0.0000,8683.1900,0.0000,8683.1900,18683.1900,0.0000,0.0000,790.6500,0.9300,0.9300,17332.0000,17332.0000,17332.0000,0.0000,1,0,0.0442,0.8683,0.3396,-0.0502,4.4033,0.3196,9819.0850,0.0022,0.0043489858242807804,1.0541463716591009
2022-10-07 00:00:00+05:30,18558.9400,1351.1900,17207.7500,8648.8100,10000.0000,0.0000,8558.9400,0.0000,8558.9400,18558.9400,0.0000,0.0000,-124.2500,0.9300,0.9300,17207.7500,17207.7500,17207.7500,0.0000,1,0,-0.0067,0.8559,0.3388,-0.0565,4.2685,0.3206,9818.9999,-0.0000,0.004199497492224055,1.0579816826203536
2022-10-10 00:00:00+05:30,18291.1900,1351.1900,16940.0000,8648.8100,10000.0000,0.0000,8291.1900,0.0000,8291.1900,18291.1900,0.0000,0.0000,-267.7500,0.9300,0.9300,16940.0000,16940.0000,16940.0000,0.0000,1,0,-0.0144,0.8291,0.3383,-0.0701,4.0792,0.3228,9782.8793,-0.0037,0.003951094175719886,1.070775009489152
2022-10-11 00:00:00+05:30,17904.0900,1351.1900,16552.9000,8648.8100,10000.0000,0.0000,7904.0900,0.0000,7904.0900,17904.0900,0.0000,0.0000,-387.1000,0.9200,0.9200,16552.9000,16552.9000,16552.9000,0.0000,1,0,-0.0212,0.7904,0.3383,-0.0898,3.8709,0.3262,9619.4008,-0.0167,0.003725639541398847,1.102719098917648
2022-10-12 00:00:00+05:30,17885.1900,1351.1900,16534.0000,8648.8100,10000.0000,0.0000,7885.1900,0.0000,7885.1900,17885.1900,0.0000,0.0000,-18.9000,0.9200,0.9200,16534.0000,16534.0000,16534.0000,0.0000,1,0,-0.0011,0.7885,0.3374,-0.0907,3.8208,0.3264,9712.9062,0.0097,0.0036342912323329207,1.0722672932397403
2022-10-13 00:00:00+05:30,17840.3900,1351.1900,16489.2000,8648.8100,10000.0000,0.0000,7840.3900,0.0000,7840.3900,17840.3900,0.0000,0.0000,-44.8000,0.9200,0.9200,16489.2000,16489.2000,16489.2000,0.0000,1,0,-0.0025,0.7840,0.3365,-0.0930,3.8222,0.3264,9649.8227,-0.0065,0.0036350325559575585,1.0715751172117007
2022-10-14 00:00:00+05:30,17734.6900,1351.1900,16383.5000,8648.8100,10000.0000,0.0000,7734.6900,0.0000,7734.6900,17734.6900,0.0000,0.0000,-105.7000,0.9200,0.9200,16383.5000,16383.5000,16383.5000,0.0000,1,0,-0.0059,0.7735,0.3357,-0.0984,3.4138,0.3234,9753.3363,0.0107,0.0035344969816482,1.0491501455525138
2022-10-17 00:00:00+05:30,17906.1900,1351.1900,16555.0000,8648.8100,10000.0000,0.0000,7906.1900,0.0000,7906.1900,17906.1900,0.0000,0.0000,171.5000,0.9200,0.9200,16555.0000,16555.0000,16555.0000,0.0000,1,0,0.0097,0.7906,0.3350,-0.0897,3.2479,0.3210,9821.4949,0.0070,0.003381406124921267,1.025103621595717
2022-10-18 00:00:00+05:30,18732.1900,1351.1900,17381.0000,8648.8100,10000.0000,0.0000,8732.1900,0.0000,8732.1900,18732.1900,0.0000,0.0000,826.0000,0.9300,0.9300,17381.0000,17381.0000,17381.0000,0.0000,1,0,0.0461,0.8732,0.3382,-0.0477,3.7364,0.3321,9917.9205,0.0098,0.0035699503363077548,1.069112274642519
2022-10-19 00:00:00+05:30,18683.5400,1351.1900,17332.3500,8648.8100,10000.0000,0.0000,8683.5400,0.0000,8683.5400,18683.5400,0.0000,0.0000,-48.6500,0.9300,0.9300,17332.3500,17332.3500,17332.3500,0.0000,1,0,-0.0026,0.8684,0.3374,-0.0502,3.5763,0.3322,9933.9395,0.0016,0.0036703271325421874,1.0937348107261815
2022-10-20 00:00:00+05:30,18522.1900,1351.1900,17171.0000,8648.8100,10000.0000,0.0000,8522.1900,0.0000,8522.1900,18522.1900,0.0000,0.0000,-161.3500,0.9300,0.9300,17171.0000,17171.0000,17171.0000,0.0000,1,0,-0.0086,0.8522,0.3367,-0.0584,3.2991,0.3329,9960.2503,0.0026,0.003446521500224428,1.0905674284703157
2022-10-21 00:00:00+05:30,18158.1900,1351.1900,16807.0000,8648.8100,10000.0000,0.0000,8158.1900,0.0000,8158.1900,18158.1900,0.0000,0.0000,-364.0000,0.9300,0.9300,16807.0000,16807.0000,16807.0000,0.0000,1,0,-0.0197,0.8158,0.3366,-0.0769,2.8371,0.3358,9970.7406,0.0011,0.003010195016696109,1.0873635637590555
2022-10-25 00:00:00+05:30,18895.9900,1351.1900,17544.8000,8648.8100,10000.0000,0.0000,8895.9900,0.0000,8895.9900,18895.9900,0.0000,0.0000,737.8000,0.9300,0.9300,17544.8000,17544.8000,17544.8000,0.0000,1,0,0.0406,0.8896,0.3388,-0.0394,3.3929,0.3429,10002.7785,0.0032,0.003221851998369809,1.1256920404748985
2022-10-27 00:00:00+05:30,18960.7400,1351.1900,17609.5500,8648.8100,10000.0000,0.0000,8960.7400,0.0000,8960.7400,18960.7400,0.0000,0.0000,64.7500,0.9300,0.9300,17609.5500,17609.5500,17609.5500,0.0000,1,0,0.0034,0.8961,0.3380,-0.0361,3.1280,0.3396,10070.0582,0.0067,0.0031681759694436435,1.112636320893005
2022-10-28 00:00:00+05:30,19005.1900,1351.1900,17654.0000,8648.8100,10000.0000,0.0000,9005.1900,0.0000,9005.1900,19005.1900,0.0000,0.0000,44.4500,0.9300,0.9300,17654.0000,17654.0000,17654.0000,0.0000,1,0,0.0023,0.9005,0.3372,-0.0338,2.6887,0.3290,10091.0671,0.0021,0.0029382120134708286,1.0898587006288962
2022-10-31 00:00:00+05:30,19093.0400,1351.1900,17741.8500,8648.8100,10000.0000,0.0000,9093.0400,0.0000,9093.0400,19093.0400,0.0000,0.0000,87.8500,0.9300,0.9300,17741.8500,17741.8500,17741.8500,0.0000,1,0,0.0046,0.9093,0.3364,-0.0293,2.7772,0.3288,10215.6748,0.0123,0.0024641005567603122,0.9941506793661268
2022-11-01 00:00:00+05:30,19068.1900,1351.1900,17717.0000,8648.8100,10000.0000,0.0000,9068.1900,0.0000,9068.1900,19068.1900,0.0000,0.0000,-24.8500,0.9300,0.9300,17717.0000,17717.0000,17717.0000,0.0000,1,0,-0.0013,0.9068,0.3356,-0.0306,2.7482,0.3289,10287.7176,0.0071,0.002558284640657316,1.028453013275931
2022-11-02 00:00:00+05:30,18780.8400,1351.1900,17429.6500,8648.8100,10000.0000,0.0000,8780.8400,0.0000,8780.8400,18780.8400,0.0000,0.0000,-287.3500,0.9300,0.9300,17429.6500,17429.6500,17429.6500,0.0000,1,0,-0.0151,0.8781,0.3352,-0.0452,2.4317,0.3309,10247.6560,-0.0039,0.002506692961726722,1.0634878232326126
2022-11-03 00:00:00+05:30,19147.6400,1351.1900,17796.4500,8648.8100,10000.0000,0.0000,9147.6400,0.0000,9147.6400,19147.6400,0.0000,0.0000,366.8000,0.9300,0.9300,17796.4500,17796.4500,17796.4500,0.0000,1,0,0.0195,0.9148,0.3351,-0.0266,2.8147,0.3313,10234.0186,-0.0013,0.0026755032001564752,1.0605856660705684
2022-11-04 00:00:00+05:30,19264.1900,1351.1900,17913.0000,8648.8100,10000.0000,0.0000,9264.1900,0.0000,9264.1900,19264.1900,0.0000,0.0000,116.5500,0.9300,0.9300,17913.0000,17913.0000,17913.0000,0.0000,1,0,0.0061,0.9264,0.3344,-0.0206,3.0313,0.3300,10279.2970,0.0044,0.0029626037905116183,1.078969857735014
2022-11-07 00:00:00+05:30,19516.1900,1351.1900,18165.0000,8648.8100,10000.0000,0.0000,9516.1900,0.0000,9516.1900,19516.1900,0.0000,0.0000,252.0000,0.9300,0.9300,18165.0000,18165.0000,18165.0000,0.0000,1,0,0.0131,0.9516,0.3339,-0.0078,3.1651,0.3305,10322.0804,0.0042,0.0032413855318326945,1.07717496877343
2022-11-09 00:00:00+05:30,18844.1900,1351.1900,17493.0000,8648.8100,10000.0000,0.0000,8844.1900,0.0000,8844.1900,18844.1900,0.0000,0.0000,-672.0000,0.9300,0.9300,17493.0000,17493.0000,17493.0000,0.0000,1,0,-0.0344,0.8844,0.3352,-0.0420,1.9863,0.3136,10275.4127,-0.0045,0.0027220409670475113,1.1115352104040568
2022-11-10 00:00:00+05:30,18413.6900,1351.1900,17062.5000,8648.8100,10000.0000,0.0000,8413.6900,0.0000,8413.6900,18413.6900,0.0000,0.0000,-430.5000,0.9300,0.9300,17062.5000,17062.5000,17062.5000,0.0000,1,0,-0.0228,0.8414,0.3353,-0.0639,1.5424,0.3175,10227.6394,-0.0046,0.0015208463537958721,1.050942686913898
2022-11-11 00:00:00+05:30,18739.1900,1351.1900,17388.0000,8648.8100,10000.0000,0.0000,8739.1900,0.0000,8739.1900,18739.1900,0.0000,0.0000,325.5000,0.9300,0.9300,17388.0000,17388.0000,17388.0000,0.0000,1,0,0.0177,0.8739,0.3351,-0.0473,1.3068,0.3105,10408.2425,0.0177,0.0013617194654125375,1.04488577209869
2022-11-14 00:00:00+05:30,18753.1900,1351.1900,17402.0000,8648.8100,10000.0000,0.0000,8753.1900,0.0000,8753.1900,18753.1900,0.0000,0.0000,14.0000,0.9300,0.9300,17402.0000,17402.0000,17402.0000,0.0000,1,0,0.0007,0.8753,0.3343,-0.0466,1.2197,0.3102,10388.3677,-0.0019,0.0009224740422214333,1.0113699358108053
2022-11-15 00:00:00+05:30,19012.8900,1351.1900,17661.7000,8648.8100,10000.0000,0.0000,9012.8900,0.0000,9012.8900,19012.8900,0.0000,0.0000,259.7000,0.9300,0.9300,17661.7000,17661.7000,17661.7000,0.0000,1,0,0.0138,0.9013,0.3339,-0.0334,1.3428,0.3112,10445.8091,0.0055,0.0009917598063212854,1.0165600717577603
2022-11-16 00:00:00+05:30,20104.1900,1351.1900,18753.0000,8648.8100,10000.0000,0.0000,10104.1900,0.0000,10104.1900,20104.1900,0.0000,0.0000,1091.3000,0.9300,0.9300,18753.0000,18753.0000,18753.0000,0.0000,1,0,0.0574,1.0104,0.3389,0.0000,2.0048,0.3314,10436.3395,-0.0009,0.0020039265243723134,1.005711438306227
2022-11-17 00:00:00+05:30,20083.5400,1351.1900,18732.3500,8648.8100,10000.0000,0.0000,10083.5400,0.0000,10083.5400,20083.5400,0.0000,0.0000,-20.6500,0.9300,0.9300,18732.3500,18732.3500,18732.3500,0.0000,1,0,-0.0010,1.0084,0.3381,-0.0010,1.8548,0.3310,10396.1362,-0.0039,0.0021621457742923077,1.013975645320981
2022-11-18 00:00:00+05:30,19676.8400,1351.1900,18325.6500,8648.8100,10000.0000,0.0000,9676.8400,0.0000,9676.8400,19676.8400,0.0000,0.0000,-406.7000,0.9300,0.9300,18325.6500,18325.6500,18325.6500,0.0000,1,0,-0.0203,0.9677,0.3380,-0.0213,1.9974,0.3276,10379.3517,-0.0016,0.0017066998901216976,1.0196513389479969
2022-11-21 00:00:00+05:30,19915.1900,1351.1900,18564.0000,8648.8100,10000.0000,0.0000,9915.1900,0.0000,9915.1900,19915.1900,0.0000,0.0000,238.3500,0.9300,0.9300,18564.0000,18564.0000,18564.0000,0.0000,1,0,0.0121,0.9915,0.3375,-0.0094,2.2426,0.3276,10296.3366,-0.0080,0.0023432360664039594,0.9411252556345664
2022-11-22 00:00:00+05:30,20409.3900,1351.1900,19058.2000,8648.8100,10000.0000,0.0000,10409.3900,0.0000,10409.3900,20409.3900,0.0000,0.0000,494.2000,0.9300,0.9300,19058.2000,19058.2000,19058.2000,0.0000,1,0,0.0248,1.0409,0.3378,0.0000,2.3952,0.3302,10349.3835,0.0052,0.002563715258073084,0.9653710751508943
2022-11-23 00:00:00+05:30,20347.0900,1351.1900,18995.9000,8648.8100,10000.0000,0.0000,10347.0900,0.0000,10347.0900,20347.0900,0.0000,0.0000,-62.3000,0.9300,0.9300,18995.9000,18995.9000,18995.9000,0.0000,1,0,-0.0031,1.0347,0.3370,-0.0031,2.5366,0.3287,10350.8578,0.0001,0.002443472213332926,0.9636959737183115
2022-11-24 00:00:00+05:30,20419.1900,1351.1900,19068.0000,8648.8100,10000.0000,0.0000,10419.1900,0.0000,10419.1900,20419.1900,0.0000,0.0000,72.1000,0.9300,0.9300,19068.0000,19068.0000,19068.0000,0.0000,1,0,0.0035,1.0419,0.3363,0.0000,2.5951,0.3285,10496.4461,0.0141,0.0025131410554409712,0.9258859958981476
2022-11-25 00:00:00+05:30,20450.6900,1351.1900,19099.5000,8648.8100,10000.0000,0.0000,10450.6900,0.0000,10450.6900,20450.6900,0.0000,0.0000,31.5000,0.9300,0.9300,19099.5000,19099.5000,19099.5000,0.0000,1,0,0.0015,1.0451,0.3355,0.0000,2.3339,0.3259,10489.3864,-0.0007,0.002476469505171857,0.9282383299959541
2022-11-28 00:00:00+05:30,20699.1900,1351.1900,19348.0000,8648.8100,10000.0000,0.0000,10699.1900,0.0000,10699.1900,20699.1900,0.0000,0.0000,248.5000,0.9300,0.9300,19348.0000,19348.0000,19348.0000,0.0000,1,0,0.0122,1.0699,0.3350,0.0000,2.3901,0.3263,10520.5737,0.0030,0.0023202940337561043,0.919837039175683
2022-11-29 00:00:00+05:30,20570.7400,1351.1900,19219.5500,8648.8100,10000.0000,0.0000,10570.7400,0.0000,10570.7400,20570.7400,0.0000,0.0000,-128.4500,0.9300,0.9300,19219.5500,19219.5500,19219.5500,0.0000,1,0,-0.0062,1.0571,0.3343,-0.0062,2.3108,0.3268,10549.0393,0.0027,0.0017811739129215355,0.9725972901269802
2022-11-30 00:00:00+05:30,20636.1900,1351.1900,19285.0000,8648.8100,10000.0000,0.0000,10636.1900,0.0000,10636.1900,20636.1900,0.0000,0.0000,65.4500,0.9300,0.9300,19285.0000,19285.0000,19285.0000,0.0000,1,0,0.0032,1.0636,0.3336,-0.0030,2.2802,0.3268,10647.3362,0.0093,0.001954849780401679,1.084268553922939
2022-12-01 00:00:00+05:30,20617.9900,1351.1900,19266.8000,8648.8100,10000.0000,0.0000,10617.9900,0.0000,10617.9900,20617.9900,0.0000,0.0000,-18.2000,0.9300,0.9300,19266.8000,19266.8000,19266.8000,0.0000,1,0,-0.0009,1.0618,0.3329,-0.0039,1.9597,0.3234,10660.9452,0.0013,0.0015995058057713069,1.12315952725939
2022-12-02 00:00:00+05:30,20755.1900,1351.1900,19404.0000,8648.8100,10000.0000,0.0000,10755.1900,0.0000,10755.1900,20755.1900,0.0000,0.0000,137.2000,0.9300,0.9300,19404.0000,19404.0000,19404.0000,0.0000,1,0,0.0067,1.0755,0.3322,0.0000,2.0161,0.3235,10606.6508,-0.0051,0.0013425319094076298,1.1266069068980817
2022-12-05 00:00:00+05:30,20776.1900,1351.1900,19425.0000,8648.8100,10000.0000,0.0000,10776.1900,0.0000,10776.1900,20776.1900,0.0000,0.0000,21.0000,0.9300,0.9300,19425.0000,19425.0000,19425.0000,0.0000,1,0,0.0010,1.0776,0.3315,0.0000,1.9138,0.3233,10600.3283,-0.0006,0.0014550347344516137,1.1368876569511246
2022-12-06 00:00:00+05:30,20683.4400,1351.1900,19332.2500,8648.8100,10000.0000,0.0000,10683.4400,0.0000,10683.4400,20683.4400,0.0000,0.0000,-92.7500,0.9300,0.9300,19332.2500,19332.2500,19332.2500,0.0000,1,0,-0.0045,1.0683,0.3308,-0.0045,1.7597,0.3234,10574.1026,-0.0025,0.00127327219638647,1.1413055482658017
2022-12-07 00:00:00+05:30,20432.8400,1351.1900,19081.6500,8648.8100,10000.0000,0.0000,10432.8400,0.0000,10432.8400,20432.8400,0.0000,0.0000,-250.6000,0.9300,0.9300,19081.6500,19081.6500,19081.6500,0.0000,1,0,-0.0121,1.0433,0.3303,-0.0165,1.5662,0.3247,10519.6381,-0.0052,0.0010158635467764964,1.1554413555227492
2022-12-08 00:00:00+05:30,20637.2400,1351.1900,19286.0500,8648.8100,10000.0000,0.0000,10637.2400,0.0000,10637.2400,20637.2400,0.0000,0.0000,204.4000,0.9300,0.9300,19286.0500,19286.0500,19286.0500,0.0000,1,0,0.0100,1.0637,0.3297,-0.0067,1.6534,0.3252,10555.1634,0.0034,0.001243049575110893,1.1793562784075171
2022-12-09 00:00:00+05:30,20443.3400,1351.1900,19092.1500,8648.8100,10000.0000,0.0000,10443.3400,0.0000,10443.3400,20443.3400,0.0000,0.0000,-193.9000,0.9300,0.9300,19092.1500,19092.1500,19092.1500,0.0000,1,0,-0.0094,1.0443,0.3291,-0.0160,0.6894,0.2930,10486.4661,-0.0065,0.0011925328672227416,1.1843126860262074
2022-12-12 00:00:00+05:30,20321.1900,1351.1900,18970.0000,8648.8100,10000.0000,0.0000,10321.1900,0.0000,10321.1900,20321.1900,0.0000,0.0000,-122.1500,0.9300,0.9300,18970.0000,18970.0000,18970.0000,0.0000,1,0,-0.0060,1.0321,0.3285,-0.0219,0.7157,0.2928,10487.2883,0.0001,8.914465548200427e-05,1.1089675122178426
2022-12-13 00:00:00+05:30,20286.8900,1351.1900,18935.7000,8648.8100,10000.0000,0.0000,10286.8900,0.0000,10286.8900,20286.8900,0.0000,0.0000,-34.3000,0.9300,0.9300,18935.7000,18935.7000,18935.7000,0.0000,1,0,-0.0017,1.0287,0.3278,-0.0236,0.8237,0.2922,10543.7941,0.0054,0.00021887455589771944,1.126885976837441
2022-12-14 00:00:00+05:30,20128.6900,1351.1900,18777.5000,8648.8100,10000.0000,0.0000,10128.6900,0.0000,10128.6900,20128.6900,0.0000,0.0000,-158.2000,0.9300,0.9300,18777.5000,18777.5000,18777.5000,0.0000,1,0,-0.0078,1.0129,0.3272,-0.0312,0.8415,0.2920,10571.3808,0.0026,0.00013088982092993712,1.1164344548589786
2022-12-15 00:00:00+05:30,19554.6900,1351.1900,18203.5000,8648.8100,10000.0000,0.0000,9554.6900,0.0000,9554.6900,19554.6900,0.0000,0.0000,-574.0000,0.9300,0.9300,18203.5000,18203.5000,18203.5000,0.0000,1,0,-0.0285,0.9555,0.3278,-0.0588,0.7674,0.2939,10433.4476,-0.0130,-0.00010188208092034722,1.1581883324320617
2022-12-16 00:00:00+05:30,19432.1900,1351.1900,18081.0000,8648.8100,10000.0000,0.0000,9432.1900,0.0000,9432.1900,19432.1900,0.0000,0.0000,-122.5000,0.9300,0.9300,18081.0000,18081.0000,18081.0000,0.0000,1,0,-0.0063,0.9432,0.3272,-0.0647,0.6666,0.2943,10359.9305,-0.0070,-1.3880508739414713e-05,1.14193122485003
2022-12-19 00:00:00+05:30,19880.1900,1351.1900,18529.0000,8648.8100,10000.0000,0.0000,9880.1900,0.0000,9880.1900,19880.1900,0.0000,0.0000,448.0000,0.9300,0.9300,18529.0000,18529.0000,18529.0000,0.0000,1,0,0.0231,0.9880,0.3274,-0.0431,1.0762,0.2974,10448.4459,0.0085,0.0002581405619381617,1.1716099784804215
2022-12-20 00:00:00+05:30,19927.7900,1351.1900,18576.6000,8648.8100,10000.0000,0.0000,9927.7900,0.0000,9927.7900,19927.7900,0.0000,0.0000,47.6000,0.9300,0.9300,18576.6000,18576.6000,18576.6000,0.0000,1,0,0.0024,0.9928,0.3267,-0.0408,1.1101,0.2974,10425.5657,-0.0022,0.0006005418883859573,1.205034353678708
2022-12-21 00:00:00+05:30,19350.9900,1351.1900,17999.8000,8648.8100,10000.0000,0.0000,9350.9900,0.0000,9350.9900,19350.9900,0.0000,0.0000,-576.8000,0.9300,0.9300,17999.8000,17999.8000,17999.8000,0.0000,1,0,-0.0289,0.9351,0.3274,-0.0686,0.5582,0.3032,10324.4619,-0.0097,0.00021266469252481245,1.2539031437415227
2022-12-22 00:00:00+05:30,19012.1900,1351.1900,17661.0000,8648.8100,10000.0000,0.0000,9012.1900,0.0000,9012.1900,19012.1900,0.0000,0.0000,-338.8000,0.9300,0.9300,17661.0000,17661.0000,17661.0000,0.0000,1,0,-0.0175,0.9012,0.3272,-0.0849,0.5956,0.3025,10271.8120,-0.0051,-0.0002354342900456453,1.287845112085576
2022-12-23 00:00:00+05:30,18472.8400,1351.1900,17121.6500,8648.8100,10000.0000,0.0000,8472.8400,0.0000,8472.8400,18472.8400,0.0000,0.0000,-539.3500,0.9300,0.9300,17121.6500,17121.6500,17121.6500,0.0000,1,0,-0.0284,0.8473,0.3278,-0.1109,0.7761,0.2965,10107.0293,-0.0160,-0.0004162264752614373,1.3281620248723929
2022-12-26 00:00:00+05:30,19047.1900,1351.1900,17696.0000,8648.8100,10000.0000,0.0000,9047.1900,0.0000,9047.1900,19047.1900,0.0000,0.0000,574.3500,0.9300,0.9300,17696.0000,17696.0000,17696.0000,0.0000,1,0,0.0311,0.9047,0.3287,-0.0832,1.4444,0.3004,10212.2158,0.0104,0.00017962835875781603,1.2920316732126327
2022-12-27 00:00:00+05:30,19002.7400,1351.1900,17651.5500,8648.8100,10000.0000,0.0000,9002.7400,0.0000,9002.7400,19002.7400,0.0000,0.0000,-44.4500,0.9300,0.9300,17651.5500,17651.5500,17651.5500,0.0000,1,0,-0.0023,0.9003,0.3280,-0.0854,1.4202,0.3005,10283.8900,0.0070,0.0003148900858703928,1.2729653476265528
2022-12-28 00:00:00+05:30,19019.1900,1351.1900,17668.0000,8648.8100,10000.0000,0.0000,9019.1900,0.0000,9019.1900,19019.1900,0.0000,0.0000,16.4500,0.9300,0.9300,17668.0000,17668.0000,17668.0000,0.0000,1,0,0.0009,0.9019,0.3273,-0.0846,1.2376,0.2993,10267.3891,-0.0016,4.273920445508239e-05,1.3274226623773813
2022-12-29 00:00:00+05:30,18949.1900,1351.1900,17598.0000,8648.8100,10000.0000,0.0000,8949.1900,0.0000,8949.1900,18949.1900,0.0000,0.0000,-70.0000,0.9300,0.9300,17598.0000,17598.0000,17598.0000,0.0000,1,0,-0.0037,0.8949,0.3267,-0.0879,0.9938,0.2984,10326.0780,0.0057,-0.00033894957104910607,1.3151287972311911
2022-12-30 00:00:00+05:30,19107.7400,1351.1900,17756.5500,8648.8100,10000.0000,0.0000,9107.7400,0.0000,9107.7400,19107.7400,0.0000,0.0000,158.5500,0.9300,0.9300,17756.5500,17756.5500,17756.5500,0.0000,1,0,0.0084,0.9108,0.3261,-0.0803,1.4648,0.2942,10273.1446,-0.0051,1.976487388532914e-05,1.315080059707634
